# -*- coding: utf-8 -*-

# Resource object code
#
# Created by: The Resource Compiler for PyQt5 (Qt v5.15.2)
#
# WARNING! All changes made in this file will be lost!

from PyQt5 import QtCore

qt_resource_data = b"\
\x00\x00\x52\xf6\
\x00\
\x00\x01\x00\x02\x00\x20\x20\x00\x00\x01\x00\x20\x00\xa8\x10\x00\
\x00\x26\x00\x00\x00\x40\x40\x00\x00\x01\x00\x20\x00\x28\x42\x00\
\x00\xce\x10\x00\x00\x28\x00\x00\x00\x20\x00\x00\x00\x40\x00\x00\
\x00\x01\x00\x20\x00\x00\x00\x00\x00\x00\x10\x00\x00\x23\x2e\x00\
\x00\x23\x2e\x00\x00\x00\x00\x00\x00\x00\x00\x00\x00\x7f\x00\x00\
\xff\x7f\x00\x00\xff\x7f\x00\x00\xff\x7f\x00\x00\xff\x7f\x00\x00\
\xff\x7f\x00\x00\xff\x7f\x00\x00\xff\x7f\x00\x00\xff\x7f\x00\x00\
\xff\x7f\x00\x00\xff\x7f\x00\x00\xff\x7f\x00\x00\xff\x7f\x00\x00\
\xff\x7f\x00\x00\xff\x7f\x00\x00\xff\x7f\x00\x00\xff\x7f\x00\x00\
\xff\x7d\x00\x00\xff\x7c\x00\x00\xff\x7f\x00\x00\xff\x7f\x00\x00\
\xff\x7f\x00\x00\xff\x7f\x00\x00\xff\x7f\x00\x00\xff\x7f\x00\x00\
\xff\x7f\x00\x00\xff\x7f\x00\x00\xff\x7f\x00\x00\xff\x7f\x00\x00\
\xff\x7f\x00\x00\xff\x7f\x00\x00\xff\x7f\x00\x00\xff\x7f\x00\x00\
\xff\x7f\x00\x00\xff\x7f\x00\x00\xff\x7f\x00\x00\xff\x7f\x00\x00\
\xff\x7f\x00\x00\xff\x7f\x00\x00\xff\x7f\x00\x00\xff\x7f\x00\x00\
\xff\x7f\x00\x00\xff\x7f\x00\x00\xff\x7f\x00\x00\xff\x7f\x00\x00\
\xff\x7f\x00\x00\xff\x7f\x00\x00\xff\x7f\x00\x00\xff\x7d\x00\x00\
\xff\x88\x00\x00\xff\x8c\x00\x00\xff\x7d\x00\x00\xff\x7f\x00\x00\
\xff\x7f\x00\x00\xff\x7f\x00\x00\xff\x7f\x00\x00\xff\x7f\x00\x00\
\xff\x7f\x00\x00\xff\x7f\x00\x00\xff\x7f\x00\x00\xff\x7f\x00\x00\
\xff\x7f\x00\x00\xff\x7f\x00\x00\xff\x7f\x00\x00\xff\x7f\x00\x00\
\xff\x7f\x00\x00\xff\x7f\x00\x00\xff\x7f\x00\x00\xff\x7f\x00\x00\
\xff\x7f\x00\x00\xff\x7f\x00\x00\xff\x7f\x00\x00\xff\x7f\x00\x00\
\xff\x7f\x00\x00\xff\x7f\x00\x00\xff\x7f\x00\x00\xff\x7f\x00\x00\
\xff\x80\x00\x00\xff\x80\x00\x00\xff\x80\x00\x00\xff\x7d\x00\x00\
\xff\x8a\x00\x00\xff\x8f\x00\x00\xff\x7d\x00\x00\xff\x7f\x00\x00\
\xff\x7f\x00\x00\xff\x7f\x00\x00\xff\x7f\x00\x00\xff\x7f\x00\x00\
\xff\x7f\x00\x00\xff\x7f\x00\x00\xff\x7f\x00\x00\xff\x7f\x00\x00\
\xff\x7f\x00\x00\xff\x7f\x00\x00\xff\x7f\x00\x00\xff\x7f\x00\x00\
\xff\x7f\x00\x00\xff\x7f\x00\x00\xff\x7f\x00\x00\xff\x7f\x00\x00\
\xff\x7f\x00\x00\xff\x7f\x00\x00\xff\x7f\x00\x00\xff\x7f\x00\x00\
\xff\x7f\x00\x00\xff\x7f\x00\x00\xff\x81\x00\x00\xff\x7e\x01\x00\
\xff\x7a\x02\x00\xff\x7c\x03\x01\xff\x7d\x04\x02\xff\x80\x02\x00\
\xff\x7e\x00\x00\xff\x7c\x00\x00\xff\x7f\x00\x00\xff\x7f\x00\x00\
\xff\x7f\x00\x00\xff\x7f\x00\x00\xff\x7f\x00\x00\xff\x7f\x00\x00\
\xff\x7f\x00\x00\xff\x7f\x00\x00\xff\x7f\x00\x00\xff\x7f\x00\x00\
\xff\x7f\x00\x00\xff\x7f\x00\x00\xff\x7f\x00\x00\xff\x7f\x00\x00\
\xff\x7f\x00\x00\xff\x7f\x00\x00\xff\x7f\x00\x00\xff\x7f\x00\x00\
\xff\x7f\x00\x00\xff\x7f\x00\x00\xff\x7f\x00\x00\xff\x7f\x00\x00\
\xff\x7f\x00\x00\xff\x7f\x00\x00\xff\x77\x00\x01\xff\x7f\x00\x03\
\xff\x91\x00\x02\xff\x8b\x00\x00\xff\x86\x00\x00\xff\x7b\x00\x00\
\xff\x7f\x02\x00\xff\x80\x00\x00\xff\x7f\x00\x00\xff\x7f\x00\x00\
\xff\x82\x00\x00\xff\x80\x00\x00\xff\x7f\x00\x00\xff\x80\x01\x00\
\xff\x80\x01\x00\xff\x7f\x00\x00\xff\x7f\x00\x00\xff\x7f\x00\x00\
\xff\x7f\x00\x00\xff\x7f\x00\x00\xff\x7f\x00\x00\xff\x7f\x00\x00\
\xff\x7f\x00\x00\xff\x7f\x00\x00\xff\x7f\x00\x00\xff\x7f\x00\x00\
\xff\x7f\x00\x00\xff\x7f\x00\x00\xff\x7f\x00\x00\xff\x7f\x00\x00\
\xff\x7f\x00\x00\xff\x81\x01\x01\xff\x99\x01\x00\xff\xce\x0a\x00\
\xff\xff\x42\x00\xff\xd7\x7d\x13\xff\xd2\x83\x19\xff\xbf\x2c\x03\
\xff\x7e\x00\x00\xff\x7f\x02\x00\xff\x7f\x00\x00\xff\x7f\x00\x00\
\xff\x81\x00\x00\xff\x7f\x00\x00\xff\x80\x01\x00\xff\x7b\x00\x00\
\xff\x79\x00\x00\xff\x80\x01\x00\xff\x7f\x00\x00\xff\x7f\x00\x00\
\xff\x7f\x00\x00\xff\x7f\x00\x00\xff\x7f\x00\x00\xff\x7f\x00\x00\
\xff\x7f\x00\x00\xff\x7f\x00\x00\xff\x7f\x00\x00\xff\x7f\x00\x00\
\xff\x7f\x00\x00\xff\x7f\x00\x00\xff\x7f\x00\x00\xff\x80\x00\x00\
\xff\x7c\x03\x02\xff\x87\x00\x00\xff\xe5\x54\x04\xff\x9b\xcc\x68\
\xff\x42\xc6\xb9\xff\x28\xdf\xd7\xff\x1e\xff\xde\xff\xa0\xcd\x5e\
\xff\xc8\x04\x00\xff\x7b\x00\x03\xff\x80\x01\x00\xff\x81\x01\x00\
\xff\x80\x01\x00\xff\x82\x01\x00\xff\x79\x00\x00\xff\xa6\x1b\x01\
\xff\xb7\x29\x01\xff\x78\x00\x00\xff\x80\x01\x00\xff\x7f\x00\x00\
\xff\x7f\x00\x00\xff\x7f\x00\x00\xff\x7f\x00\x00\xff\x7f\x00\x00\
\xff\x7f\x00\x00\xff\x7f\x00\x00\xff\x7f\x00\x00\xff\x7f\x00\x00\
\xff\x7f\x00\x00\xff\x7f\x00\x00\xff\x7f\x00\x00\xff\x80\x02\x01\
\xff\x7a\x00\x00\xff\xab\x24\x05\xff\x6b\xc0\x8b\xff\x00\x7b\xff\
\xff\x00\x6b\xff\xff\x00\x94\xff\xff\x04\xee\xf2\xff\xa7\xfb\x57\
\xff\xdf\x34\x00\xff\x77\x00\x01\xff\x7e\x03\x00\xff\x77\x00\x01\
\xff\x74\x00\x03\xff\x77\x01\x02\xff\x78\x00\x00\xff\x95\x0f\x00\
\xff\xa0\x17\x01\xff\x7b\x00\x00\xff\x80\x01\x00\xff\x7f\x00\x00\
\xff\x7f\x00\x00\xff\x7f\x00\x00\xff\x7f\x00\x00\xff\x7f\x00\x00\
\xff\x7f\x00\x00\xff\x7f\x00\x00\xff\x7f\x00\x00\xff\x7f\x00\x00\
\xff\x7f\x00\x00\xff\x7f\x00\x00\xff\x7f\x00\x00\xff\x7d\x03\x02\
\xff\x87\x00\x00\xff\xb4\x68\x2c\xff\x07\x9b\xf0\xff\x00\x5e\xff\
\xff\x0d\xb9\xef\xff\x15\xd7\xe4\xff\x93\xed\x64\xff\xff\xa5\x00\
\xff\xcf\x25\x00\xff\x83\x00\x00\xff\x85\x00\x01\xff\xb9\x07\x00\
\xff\xd6\x13\x00\xff\xaa\x00\x00\xff\x8c\x00\x00\xff\x7b\x00\x00\
\xff\x79\x00\x00\xff\x80\x01\x00\xff\x7f\x00\x00\xff\x7f\x00\x00\
\xff\x7f\x00\x00\xff\x7f\x00\x00\xff\x7f\x00\x00\xff\x7f\x00\x00\
\xff\x7f\x00\x00\xff\x7f\x00\x00\xff\x7f\x00\x00\xff\x7f\x00\x00\
\xff\x7f\x00\x00\xff\x7f\x00\x00\xff\x7f\x00\x00\xff\x81\x01\x00\
\xff\x75\x00\x02\xff\xc4\x11\x00\xff\xbd\xc8\x47\xff\x04\xa7\xf5\
\xff\x20\xef\xda\xff\x95\xf1\x6f\xff\xf2\x40\x00\xff\x9b\x00\x03\
\xff\x8b\x00\x00\xff\x8a\x00\x01\xff\xcb\x0f\x00\xff\xe6\xb0\x1f\
\xff\xa0\xd3\x61\xff\xd0\xc5\x33\xff\xd6\x4e\x06\xff\x7f\x00\x00\
\xff\x80\x03\x00\xff\x7f\x00\x00\xff\x7f\x00\x00\xff\x7f\x00\x00\
\xff\x7f\x00\x00\xff\x7f\x00\x00\xff\x7f\x00\x00\xff\x7f\x00\x00\
\xff\x7f\x00\x00\xff\x7f\x00\x00\xff\x7f\x00\x00\xff\x7f\x00\x00\
\xff\x7f\x00\x00\xff\x7f\x00\x00\xff\x7f\x00\x00\xff\x7f\x00\x00\
\xff\x75\x02\x02\xff\xa9\x00\x00\xff\xd0\xae\x2c\xff\x8a\xff\x6e\
\xff\xb1\xb5\x3d\xff\xc3\x18\x00\xff\x94\x06\x05\xff\x8d\x00\x00\
\xff\xa1\x01\x00\xff\x77\x01\x04\xff\xd1\x00\x00\xff\x9a\xbb\x5e\
\xff\x00\xc2\xff\xff\x15\xc0\xec\xff\xbd\x79\x1d\xff\x81\x00\x00\
\xff\x7e\x04\x02\xff\x7f\x00\x00\xff\x7f\x00\x00\xff\x7f\x00\x00\
\xff\x7f\x00\x00\xff\x7f\x00\x00\xff\x7f\x00\x00\xff\x7f\x00\x00\
\xff\x7f\x00\x00\xff\x7f\x00\x00\xff\x7f\x00\x00\xff\x7f\x00\x00\
\xff\x7f\x00\x00\xff\x80\x00\x00\xff\x7e\x00\x00\xff\x8f\x01\x00\
\xff\x80\x01\x03\xff\xb6\x00\x00\xff\xa5\xc9\x57\xff\x63\xff\x99\
\xff\xcc\x5d\x0a\xff\x75\x00\x00\xff\x79\x03\x01\xff\x88\x01\x00\
\xff\x88\x02\x00\xff\x83\x00\x01\xff\xf1\x36\x00\xff\x9f\xed\x5c\
\xff\x00\xd0\xfd\xff\x25\xeb\xdb\xff\xc8\x64\x14\xff\x83\x00\x00\
\xff\x7e\x03\x01\xff\x7f\x00\x00\xff\x7e\x00\x00\xff\x7e\x00\x00\
\xff\x7f\x00\x00\xff\x7f\x00\x00\xff\x7f\x00\x00\xff\x7f\x00\x00\
\xff\x7f\x00\x00\xff\x7f\x00\x00\xff\x7f\x00\x00\xff\x7f\x00\x00\
\xff\x7f\x00\x00\xff\x80\x00\x00\xff\x7f\x02\x00\xff\x80\x02\x01\
\xff\x8a\x00\x02\xff\xd0\x34\x08\xff\xf0\xc7\x0e\xff\xf1\x80\x0f\
\xff\xdf\x3a\x03\xff\x7c\x00\x00\xff\x83\x03\x00\xff\x7f\x00\x00\
\xff\x7c\x05\x02\xff\x7e\x00\x00\xff\xcf\x59\x0b\xff\x37\xe1\xc9\
\xff\x00\xc8\xff\xff\x8e\xd9\x6f\xff\xde\x0d\x00\xff\x78\x00\x04\
\xff\x80\x01\x00\xff\x7e\x00\x00\xff\x86\x00\x00\xff\x86\x00\x00\
\xff\x7e\x00\x00\xff\x7f\x00\x00\xff\x7f\x00\x00\xff\x7f\x00\x00\
\xff\x7f\x00\x00\xff\x7f\x00\x00\xff\x7f\x00\x00\xff\x7f\x00\x00\
\xff\x7f\x00\x00\xff\x7f\x02\x00\xff\x7d\x00\x00\xff\x92\x00\x00\
\xff\xec\x38\x00\xff\xd5\xe0\x2b\xff\xe8\xce\x10\xff\xfa\x6a\x07\
\xff\xeb\x0c\x00\xff\x91\x03\x01\xff\x74\x00\x01\xff\x7f\x02\x01\
\xff\x76\x00\x00\xff\xb9\x00\x00\xff\xd5\x8e\x2a\xff\x3b\xe5\xbc\
\xff\xa3\xff\x5a\xff\xd8\x8a\x1b\xff\xaf\x00\x00\xff\x7e\x04\x01\
\xff\x7f\x00\x00\xff\x7e\x00\x00\xff\x84\x00\x00\xff\x84\x00\x00\
\xff\x7e\x00\x00\xff\x7f\x00\x00\xff\x7f\x00\x00\xff\x7f\x00\x00\
\xff\x7f\x00\x00\xff\x7f\x00\x00\xff\x7f\x00\x00\xff\x7f\x00\x00\
\xff\x80\x02\x00\xff\x83\x00\x00\xff\xc1\x14\x04\xff\xed\x8c\x0b\
\xff\xbf\xd6\x42\xff\xbe\xd8\x3a\xff\xa4\xff\x53\xff\xe6\xa8\x10\
\xff\xec\x00\x00\xff\xd4\x07\x00\xff\xac\x01\x00\xff\x8b\x00\x00\
\xff\x8c\x0d\x0b\xff\xe2\x97\x13\xff\x93\xc6\x66\xff\x36\x97\xb5\
\xff\xca\xa9\x1b\xff\xcc\x33\x03\xff\x91\x00\x00\xff\x7e\x02\x00\
\xff\x80\x00\x00\xff\x7f\x00\x00\xff\x7e\x00\x00\xff\x7e\x00\x00\
\xff\x7f\x00\x00\xff\x7f\x00\x00\xff\x7f\x00\x00\xff\x7f\x00\x00\
\xff\x7f\x00\x00\xff\x7f\x00\x00\xff\x7f\x00\x00\xff\x80\x01\x00\
\xff\x7b\x00\x02\xff\xcb\x00\x00\xff\xc9\xb7\x33\xff\x31\xde\xcb\
\xff\x10\xcc\xe9\xff\x70\xff\x85\xff\xe0\xc9\x1a\xff\xff\x7e\x00\
\xff\xd4\x71\x20\xff\xdf\xa4\x16\xff\xd7\xc2\x2e\xff\xd5\x45\x00\
\xff\x82\x75\x63\xff\x9d\xd9\x5f\xff\x41\xec\xb8\xff\x6f\xbb\x87\
\xff\xd7\x0d\x00\xff\x79\x00\x01\xff\x7f\x03\x00\xff\x83\x00\x00\
\xff\x7d\x00\x00\xff\x7f\x00\x00\xff\x7f\x00\x00\xff\x7f\x00\x00\
\xff\x7e\x00\x00\xff\x7e\x00\x00\xff\x7f\x00\x00\xff\x7f\x00\x00\
\xff\x7f\x00\x00\xff\x7f\x00\x00\xff\x7f\x00\x00\xff\x80\x01\x00\
\xff\x77\x00\x01\xff\xcd\x1f\x00\xff\xd4\xc3\x2e\xff\x1d\xe4\xd9\
\xff\x18\xf5\xdf\xff\x73\xe2\x88\xff\xf1\x8f\x0c\xff\xf4\x5a\x02\
\xff\xa6\xce\x51\xff\xe5\x7f\x12\xff\xd9\xa1\x1e\xff\xd7\xc7\x29\
\xff\x60\xc7\x9b\xff\xa4\xce\x53\xff\x99\xc6\x5c\xff\x8e\xbe\x70\
\xff\xdb\x79\x0c\xff\xb9\x1f\x04\xff\xc8\x03\x01\xff\x8a\x01\x00\
\xff\x86\x00\x00\xff\x80\x00\x00\xff\x7f\x00\x00\xff\x7e\x00\x00\
\xff\x85\x00\x00\xff\x8e\x00\x00\xff\x7e\x00\x00\xff\x7f\x00\x00\
\xff\x7f\x00\x00\xff\x7f\x00\x00\xff\x7f\x00\x00\xff\x7f\x03\x00\
\xff\x7b\x00\x00\xff\xdf\x61\x00\xff\x51\xf7\xb1\xff\x00\x7a\xff\
\xff\x4e\xdf\xac\xff\xf4\xba\x00\xff\xe8\x9b\x0f\xff\xf5\x49\x06\
\xff\xa5\x00\x00\xff\xbc\x17\x00\xff\xfd\x87\x0b\xff\xb9\xc2\x40\
\xff\x57\xff\x9e\xff\xbf\x90\x35\xff\xfb\x27\x00\xff\xff\x7f\x00\
\xff\xe5\xc9\x1d\xff\xe9\x94\x0b\xff\xe1\x00\x00\xff\xd8\x17\x01\
\xff\xab\x00\x00\xff\x81\x00\x00\xff\x7f\x00\x00\xff\x7f\x00\x00\
\xff\x81\x00\x00\xff\x84\x00\x00\xff\x7f\x00\x00\xff\x7e\x00\x00\
\xff\x7e\x00\x00\xff\x7f\x00\x00\xff\x7f\x00\x00\xff\x7d\x03\x02\
\xff\x87\x00\x00\xff\x9e\x5b\x30\xff\x16\xbb\xe2\xff\x00\x5e\xf3\
\xff\x00\x79\xfd\xff\x75\xad\x80\xff\xfe\x51\x00\xff\xc0\x29\x04\
\xff\x76\x00\x04\xff\x78\x00\x03\xff\xba\x26\x0b\xff\xb2\x92\x46\
\xff\xd1\xd2\x28\xff\xf1\x7d\x08\xff\xed\x72\x0a\xff\xeb\xe9\x11\
\xff\xf6\xb8\x05\xff\x89\xf2\x6f\xff\xce\x6b\x19\xff\xdf\x0f\x00\
\xff\xa6\x02\x01\xff\x79\x00\x00\xff\x80\x00\x00\xff\x7f\x00\x00\
\xff\x7f\x00\x00\xff\x7e\x00\x00\xff\x7f\x00\x00\xff\x83\x00\x00\
\xff\x88\x00\x00\xff\x7e\x00\x00\xff\x81\x02\x01\xff\x77\x00\x00\
\xff\xba\x3f\x00\xff\x4a\xbd\xb9\xff\x00\x00\xd4\xff\x04\x0c\xce\
\xff\x00\x1f\xf8\xff\x00\x6f\xff\xff\x9e\x9a\x58\xff\xb6\x0f\x00\
\xff\xd6\x49\x00\xff\xea\x55\x00\xff\xf0\x56\x00\xff\xff\x28\x00\
\xff\xed\x9c\x0b\xff\xdd\xa4\x1b\xff\xcb\xb7\x29\xff\x9b\xea\x5f\
\xff\x78\xca\x82\xff\x59\xff\x9e\xff\xbd\xc7\x38\xff\xe2\x4a\x00\
\xff\xa3\x1e\x04\xff\x78\x00\x00\xff\x80\x01\x00\xff\x7f\x00\x00\
\xff\x7f\x00\x00\xff\x7f\x00\x00\xff\x7f\x00\x00\xff\x82\x00\x00\
\xff\x86\x00\x00\xff\x7e\x00\x00\xff\x7f\x04\x01\xff\x7f\x00\x00\
\xff\xc0\x6c\x17\xff\x2f\xf5\xd4\xff\x15\x76\xd9\xff\x02\x01\xd5\
\xff\x02\x00\xcc\xff\x00\x1a\xf9\xff\x06\x99\xfc\xff\x51\xaa\xab\
\xff\x4f\x81\xaa\xff\xc3\xfb\x3e\xff\x94\xde\x69\xff\xb2\xdd\x47\
\xff\xa5\xf2\x52\xff\xae\xea\x49\xff\xca\xe0\x2f\xff\x5c\xff\x9a\
\xff\x38\xf8\xbf\xff\x9c\xfe\x5e\xff\xd6\x82\x0e\xff\x94\x00\x00\
\xff\x81\x08\x01\xff\x7f\x00\x00\xff\x7f\x00\x00\xff\x7f\x00\x00\
\xff\x7f\x00\x00\xff\x7f\x00\x00\xff\x7f\x00\x00\xff\x7e\x00\x00\
\xff\x7e\x00\x00\xff\x7f\x00\x00\xff\x80\x02\x01\xff\x7c\x00\x00\
\xff\x9f\x18\x0f\xff\x88\xd4\x72\xff\x1d\xaf\xdb\xff\x00\x30\xfe\
\xff\x02\x3e\xfd\xff\x04\x54\xfd\xff\x00\x63\xff\xff\x00\x2a\xff\
\xff\x00\x14\xff\xff\x03\xa5\xf7\xff\x20\xe2\xd6\xff\x33\xe1\xc5\
\xff\xa3\xd6\x56\xff\xa9\xed\x50\xff\xac\xf0\x4d\xff\x7c\xaa\x7e\
\xff\x24\xc3\xd3\xff\x6c\xf3\x90\xff\xd4\x34\x00\xff\xd5\x29\x00\
\xff\x86\x01\x01\xff\x7c\x00\x00\xff\x80\x00\x00\xff\x7f\x00\x00\
\xff\x7f\x00\x00\xff\x7f\x00\x00\xff\x7f\x00\x00\xff\x7f\x00\x00\
\xff\x7f\x00\x00\xff\x7f\x00\x00\xff\x7f\x00\x00\xff\x7e\x03\x02\
\xff\x80\x00\x00\xff\xcb\x4e\x0b\xff\x9c\x8d\x62\xff\x3d\xaa\xbf\
\xff\x00\x9e\xff\xff\x00\x6f\xff\xff\x02\x91\xfa\xff\x02\xbb\xf7\
\xff\x53\xd5\xa8\xff\x68\xba\x9a\xff\x68\xe4\x98\xff\xa9\xe6\x55\
\xff\xc8\xc3\x32\xff\x9b\xd4\x60\xff\xcf\x9b\x29\xff\xbd\x70\x3e\
\xff\x03\x88\xf7\xff\x87\xf2\x71\xff\x9c\xea\x5f\xff\xf5\x79\x0b\
\xff\xb4\x00\x00\xff\x7c\x01\x01\xff\x80\x00\x00\xff\x7f\x00\x00\
\xff\x7f\x00\x00\xff\x7f\x00\x00\xff\x7f\x00\x00\xff\x7f\x00\x00\
\xff\x7f\x00\x00\xff\x7f\x00\x00\xff\x7f\x00\x00\xff\x80\x00\x00\
\xff\x7b\x01\x01\xff\xaf\x07\x01\xff\xfc\x0a\x00\xff\xe2\x3d\x01\
\xff\x8a\xf5\x6f\xff\x96\xea\x65\xff\x6a\xf8\x8c\xff\x9f\xdf\x5f\
\xff\xe3\x77\x04\xff\xce\x23\x00\xff\xbb\x2c\x00\xff\xab\x18\x00\
\xff\x93\x0f\x03\xff\xb4\x00\x00\xff\xd2\x88\x27\xff\xaf\xe7\x4c\
\xff\xa3\xc5\x5a\xff\x7b\xff\x78\xff\x1f\xff\xdc\xff\xc7\x9f\x36\
\xff\xe9\x16\x00\xff\x7e\x00\x02\xff\x7f\x01\x00\xff\x7f\x00\x00\
\xff\x7f\x00\x00\xff\x7f\x00\x00\xff\x7f\x00\x00\xff\x7f\x00\x00\
\xff\x7f\x00\x00\xff\x7f\x00\x00\xff\x7f\x00\x00\xff\x7f\x00\x00\
\xff\x7e\x00\x00\xff\xbb\x04\x00\xff\x96\x07\x04\xff\xae\x00\x00\
\xff\xec\x4b\x02\xff\xf9\x7c\x00\xff\xff\xb3\x01\xff\xe9\x34\x00\
\xff\xc9\x00\x00\xff\x72\x00\x03\xff\x78\x00\x00\xff\x77\x00\x01\
\xff\x79\x00\x00\xff\x78\x00\x00\xff\xdf\x47\x02\xff\xef\x5f\x0d\
\xff\xff\x50\x00\xff\xd5\xca\x2e\xff\xa8\x7c\x32\xff\xc7\x1b\x01\
\xff\x85\x00\x00\xff\x7e\x01\x00\xff\x7f\x00\x00\xff\x7f\x00\x00\
\xff\x7f\x00\x00\xff\x7f\x00\x00\xff\x7f\x00\x00\xff\x7f\x00\x00\
\xff\x7f\x00\x00\xff\x7f\x00\x00\xff\x7f\x00\x00\xff\x7f\x00\x00\
\xff\x7f\x00\x00\xff\x7f\x00\x00\xff\x7b\x00\x00\xff\x7a\x00\x01\
\xff\xb3\x06\x00\xff\xc1\x00\x01\xff\xdf\x2a\x00\xff\xbf\x0e\x01\
\xff\x8b\x02\x01\xff\x81\x02\x00\xff\x81\x02\x00\xff\x80\x01\x00\
\xff\x84\x01\x00\xff\x80\x00\x00\xff\xb7\x00\x00\xff\xc7\x00\x00\
\xff\xb5\x01\x02\xff\xce\x1d\x00\xff\x89\x00\x00\xff\x94\x00\x00\
\xff\x80\x01\x00\xff\x7f\x00\x00\xff\x7f\x00\x00\xff\x7f\x00\x00\
\xff\x7f\x00\x00\xff\x7f\x00\x00\xff\x7f\x00\x00\xff\x7f\x00\x00\
\xff\x7f\x00\x00\xff\x7f\x00\x00\xff\x7f\x00\x00\xff\x7f\x00\x00\
\xff\x7f\x00\x00\xff\x7f\x00\x00\xff\x80\x00\x00\xff\x80\x00\x00\
\xff\x7b\x01\x01\xff\x93\x00\x00\xff\xc8\x2b\x02\xff\xd2\x36\x02\
\xff\x74\x00\x00\xff\x80\x02\x00\xff\x7f\x00\x00\xff\x7f\x00\x00\
\xff\x80\x00\x00\xff\x87\x00\x00\xff\x86\x01\x00\xff\x85\x02\x00\
\xff\x7c\x00\x00\xff\x79\x00\x01\xff\x7c\x03\x02\xff\x7c\x02\x00\
\xff\x7f\x00\x00\xff\x7f\x00\x00\xff\x7f\x00\x00\xff\x7f\x00\x00\
\xff\x7e\x00\x00\xff\x7e\x00\x00\xff\x7f\x00\x00\xff\x7f\x00\x00\
\xff\x7f\x00\x00\xff\x7f\x00\x00\xff\x7f\x00\x00\xff\x7f\x00\x00\
\xff\x7f\x00\x00\xff\x7f\x00\x00\xff\x7f\x00\x00\xff\x7e\x00\x00\
\xff\x7e\x01\x00\xff\x7a\x00\x00\xff\x89\x05\x00\xff\x89\x04\x00\
\xff\x7e\x00\x00\xff\x7f\x00\x00\xff\x7f\x00\x00\xff\x7f\x00\x00\
\xff\x80\x00\x00\xff\x7e\x00\x00\xff\x7d\x00\x00\xff\x7f\x00\x00\
\xff\x80\x00\x00\xff\x80\x01\x00\xff\x80\x00\x00\xff\x80\x00\x00\
\xff\x7f\x00\x00\xff\x7f\x00\x00\xff\x7f\x00\x00\xff\x7e\x00\x00\
\xff\x87\x00\x00\xff\x85\x00\x00\xff\x7e\x00\x00\xff\x7f\x00\x00\
\xff\x7f\x00\x00\xff\x7f\x00\x00\xff\x7f\x00\x00\xff\x7f\x00\x00\
\xff\x7f\x00\x00\xff\x7f\x00\x00\xff\x7d\x00\x00\xff\x88\x00\x00\
\xff\x91\x00\x00\xff\x7e\x00\x00\xff\x7d\x00\x00\xff\x7d\x00\x00\
\xff\x7f\x00\x00\xff\x7f\x00\x00\xff\x7f\x00\x00\xff\x83\x00\x00\
\xff\x83\x00\x00\xff\x7f\x00\x00\xff\x7f\x00\x00\xff\x8b\x00\x00\
\xff\x82\x00\x00\xff\x7f\x00\x00\xff\x7f\x00\x00\xff\x7f\x00\x00\
\xff\x7f\x00\x00\xff\x7f\x00\x00\xff\x7f\x00\x00\xff\x7e\x00\x00\
\xff\x85\x00\x00\xff\x83\x00\x00\xff\x7e\x00\x00\xff\x7f\x00\x00\
\xff\x7f\x00\x00\xff\x7f\x00\x00\xff\x7f\x00\x00\xff\x7f\x00\x00\
\xff\x7f\x00\x00\xff\x7f\x00\x00\xff\x7e\x00\x00\xff\x84\x00\x00\
\xff\x89\x00\x00\xff\x7e\x00\x00\xff\x80\x00\x00\xff\x80\x00\x00\
\xff\x7f\x00\x00\xff\x7f\x00\x00\xff\x7f\x00\x00\xff\x80\x00\x00\
\xff\x7f\x00\x00\xff\x7f\x00\x00\xff\x7e\x00\x00\xff\x93\x00\x00\
\xff\x84\x00\x00\xff\x7d\x00\x00\xff\x7f\x00\x00\xff\x7f\x00\x00\
\xff\x7f\x00\x00\xff\x7f\x00\x00\xff\x7f\x00\x00\xff\x7f\x00\x00\
\xff\x7e\x00\x00\xff\x7e\x00\x00\xff\x7f\x00\x00\xff\x7f\x00\x00\
\xff\x7f\x00\x00\xff\x7f\x00\x00\xff\x7f\x00\x00\xff\x7f\x00\x00\
\xff\x7f\x00\x00\xff\x7f\x00\x00\xff\x7f\x00\x00\xff\x7e\x00\x00\
\xff\x7d\x00\x00\xff\x7f\x00\x00\xff\x7f\x00\x00\xff\x7f\x00\x00\
\xff\x7f\x00\x00\xff\x7f\x00\x00\xff\x7f\x00\x00\xff\x84\x00\x00\
\xff\x80\x00\x00\xff\x7f\x00\x00\xff\x7f\x00\x00\xff\x7d\x00\x00\
\xff\x80\x00\x00\xff\x82\x00\x00\xff\x7f\x00\x00\xff\x7f\x00\x00\
\xff\x7f\x00\x00\xff\x7f\x00\x00\xff\x7f\x00\x00\xff\x7f\x00\x00\
\xff\x7f\x00\x00\xff\x7f\x00\x00\xff\x7f\x00\x00\xff\x7f\x00\x00\
\xff\x7f\x00\x00\xff\x7f\x00\x00\xff\x7f\x00\x00\xff\x7f\x00\x00\
\xff\x7f\x00\x00\xff\x7f\x00\x00\xff\x7f\x00\x00\xff\x7f\x00\x00\
\xff\x7f\x00\x00\xff\x7f\x00\x00\xff\x7f\x00\x00\xff\x7f\x00\x00\
\xff\x7f\x00\x00\xff\x7e\x00\x00\xff\x81\x00\x00\xff\xa3\x00\x00\
\xff\x82\x00\x00\xff\x7e\x00\x00\xff\x7f\x00\x00\xff\x7e\x00\x00\
\xff\x86\x00\x00\xff\x91\x00\x00\xff\x7e\x00\x00\xff\x7f\x00\x00\
\xff\x7f\x00\x00\xff\x7f\x00\x00\xff\x7f\x00\x00\xff\x7f\x00\x00\
\xff\x7f\x00\x00\xff\x7f\x00\x00\xff\x7f\x00\x00\xff\x00\x00\x00\
\x00\x00\x00\x00\x00\x00\x00\x00\x00\x00\x00\x00\x00\x00\x00\x00\
\x00\x00\x00\x00\x00\x00\x00\x00\x00\x00\x00\x00\x00\x00\x00\x00\
\x00\x00\x00\x00\x00\x00\x00\x00\x00\x00\x00\x00\x00\x00\x00\x00\
\x00\x00\x00\x00\x00\x00\x00\x00\x00\x00\x00\x00\x00\x00\x00\x00\
\x00\x00\x00\x00\x00\x00\x00\x00\x00\x00\x00\x00\x00\x00\x00\x00\
\x00\x00\x00\x00\x00\x00\x00\x00\x00\x00\x00\x00\x00\x00\x00\x00\
\x00\x00\x00\x00\x00\x00\x00\x00\x00\x00\x00\x00\x00\x00\x00\x00\
\x00\x00\x00\x00\x00\x00\x00\x00\x00\x00\x00\x00\x00\x28\x00\x00\
\x00\x40\x00\x00\x00\x80\x00\x00\x00\x01\x00\x20\x00\x00\x00\x00\
\x00\x00\x40\x00\x00\x23\x2e\x00\x00\x23\x2e\x00\x00\x00\x00\x00\
\x00\x00\x00\x00\x00\x7f\x00\x00\xff\x7f\x00\x00\xff\x7f\x00\x00\
\xff\x7f\x00\x00\xff\x7f\x00\x00\xff\x7f\x00\x00\xff\x7f\x00\x00\
\xff\x7f\x00\x00\xff\x7f\x00\x00\xff\x7f\x00\x00\xff\x7f\x00\x00\
\xff\x7f\x00\x00\xff\x7f\x00\x00\xff\x7f\x00\x00\xff\x7f\x00\x00\
\xff\x7f\x00\x00\xff\x7f\x00\x00\xff\x7f\x00\x00\xff\x7f\x00\x00\
\xff\x7f\x00\x00\xff\x7f\x00\x00\xff\x7f\x00\x00\xff\x7f\x00\x00\
\xff\x7f\x00\x00\xff\x7f\x00\x00\xff\x7f\x00\x00\xff\x7f\x00\x00\
\xff\x7f\x00\x00\xff\x7f\x00\x00\xff\x7f\x00\x00\xff\x7f\x00\x00\
\xff\x7f\x00\x00\xff\x7f\x00\x00\xff\x7f\x00\x00\xff\x7f\x00\x00\
\xff\x7f\x00\x00\xff\x7f\x00\x00\xff\x7f\x00\x00\xff\x7f\x00\x00\
\xff\x7f\x00\x00\xff\x7f\x00\x00\xff\x7f\x00\x00\xff\x7f\x00\x00\
\xff\x7f\x00\x00\xff\x7f\x00\x00\xff\x7f\x00\x00\xff\x7f\x00\x00\
\xff\x7f\x00\x00\xff\x7f\x00\x00\xff\x7f\x00\x00\xff\x7f\x00\x00\
\xff\x7f\x00\x00\xff\x7f\x00\x00\xff\x7f\x00\x00\xff\x7f\x00\x00\
\xff\x7f\x00\x00\xff\x7f\x00\x00\xff\x7f\x00\x00\xff\x7f\x00\x00\
\xff\x7f\x00\x00\xff\x7f\x00\x00\xff\x7f\x00\x00\xff\x7f\x00\x00\
\xff\x7f\x00\x00\xff\x7f\x00\x00\xff\x7f\x00\x00\xff\x7f\x00\x00\
\xff\x7f\x00\x00\xff\x7f\x00\x00\xff\x7f\x00\x00\xff\x7f\x00\x00\
\xff\x7f\x00\x00\xff\x7f\x00\x00\xff\x7f\x00\x00\xff\x7f\x00\x00\
\xff\x7f\x00\x00\xff\x7f\x00\x00\xff\x7f\x00\x00\xff\x7f\x00\x00\
\xff\x7f\x00\x00\xff\x7f\x00\x00\xff\x7f\x00\x00\xff\x7f\x00\x00\
\xff\x7f\x00\x00\xff\x7f\x00\x00\xff\x7f\x00\x00\xff\x7f\x00\x00\
\xff\x7f\x00\x00\xff\x7f\x00\x00\xff\x7f\x00\x00\xff\x7f\x00\x00\
\xff\x7f\x00\x00\xff\x7f\x00\x00\xff\x7f\x00\x00\xff\x7f\x00\x00\
\xff\x7f\x00\x00\xff\x7f\x00\x00\xff\x7f\x00\x00\xff\x7f\x00\x00\
\xff\x7f\x00\x00\xff\x7f\x00\x00\xff\x7f\x00\x00\xff\x7f\x00\x00\
\xff\x7f\x00\x00\xff\x7f\x00\x00\xff\x7f\x00\x00\xff\x7f\x00\x00\
\xff\x7f\x00\x00\xff\x7f\x00\x00\xff\x7f\x00\x00\xff\x7f\x00\x00\
\xff\x7f\x00\x00\xff\x7f\x00\x00\xff\x7f\x00\x00\xff\x7f\x00\x00\
\xff\x7f\x00\x00\xff\x7f\x00\x00\xff\x7f\x00\x00\xff\x7f\x00\x00\
\xff\x7f\x00\x00\xff\x7f\x00\x00\xff\x7f\x00\x00\xff\x81\x00\x00\
\xff\x7f\x00\x00\xff\x7f\x00\x00\xff\x7f\x00\x00\xff\x7f\x00\x00\
\xff\x7f\x00\x00\xff\x7f\x00\x00\xff\x7f\x00\x00\xff\x7f\x00\x00\
\xff\x7f\x00\x00\xff\x7f\x00\x00\xff\x7f\x00\x00\xff\x7f\x00\x00\
\xff\x7f\x00\x00\xff\x7f\x00\x00\xff\x7f\x00\x00\xff\x7f\x00\x00\
\xff\x7f\x00\x00\xff\x7f\x00\x00\xff\x7f\x00\x00\xff\x7f\x00\x00\
\xff\x7f\x00\x00\xff\x7f\x00\x00\xff\x7f\x00\x00\xff\x7f\x00\x00\
\xff\x7f\x00\x00\xff\x7f\x00\x00\xff\x7f\x00\x00\xff\x7f\x00\x00\
\xff\x7f\x00\x00\xff\x7f\x00\x00\xff\x7f\x00\x00\xff\x7f\x00\x00\
\xff\x7f\x00\x00\xff\x7f\x00\x00\xff\x7f\x00\x00\xff\x7f\x00\x00\
\xff\x7f\x00\x00\xff\x7f\x00\x00\xff\x7f\x00\x00\xff\x7f\x00\x00\
\xff\x7e\x00\x00\xff\x7e\x00\x00\xff\x7f\x00\x00\xff\x7f\x00\x00\
\xff\x7f\x00\x00\xff\x7f\x00\x00\xff\x7f\x00\x00\xff\x7f\x00\x00\
\xff\x7f\x00\x00\xff\x7f\x00\x00\xff\x7f\x00\x00\xff\x7f\x00\x00\
\xff\x7f\x00\x00\xff\x7f\x00\x00\xff\x7f\x00\x00\xff\x7f\x00\x00\
\xff\x7f\x00\x00\xff\x7f\x00\x00\xff\x7f\x00\x00\xff\x7f\x00\x00\
\xff\x7f\x00\x00\xff\x7f\x00\x00\xff\x7f\x00\x00\xff\x7f\x00\x00\
\xff\x7f\x00\x00\xff\x7f\x00\x00\xff\x7f\x00\x00\xff\x7f\x00\x00\
\xff\x7f\x00\x00\xff\x7f\x00\x00\xff\x7f\x00\x00\xff\x7f\x00\x00\
\xff\x7f\x00\x00\xff\x7f\x00\x00\xff\x7f\x00\x00\xff\x7f\x00\x00\
\xff\x7f\x00\x00\xff\x7f\x00\x00\xff\x7f\x00\x00\xff\x7f\x00\x00\
\xff\x7f\x00\x00\xff\x7f\x00\x00\xff\x7f\x00\x00\xff\x7f\x00\x00\
\xff\x7f\x00\x00\xff\x7f\x00\x00\xff\x7f\x00\x00\xff\x7f\x00\x00\
\xff\x7f\x00\x00\xff\x7f\x00\x00\xff\x7f\x00\x00\xff\x7f\x00\x00\
\xff\x7f\x00\x00\xff\x7f\x00\x00\xff\x7f\x00\x00\xff\x7f\x00\x00\
\xff\x7f\x00\x00\xff\x7f\x00\x00\xff\x7f\x00\x00\xff\x7f\x00\x00\
\xff\x7f\x00\x00\xff\x7f\x00\x00\xff\x7f\x00\x00\xff\x7d\x00\x00\
\xff\x99\x00\x00\xff\xa5\x00\x00\xff\x83\x00\x00\xff\x7e\x00\x00\
\xff\x7f\x00\x00\xff\x7f\x00\x00\xff\x7f\x00\x00\xff\x7f\x00\x00\
\xff\x7f\x00\x00\xff\x7f\x00\x00\xff\x7f\x00\x00\xff\x7f\x00\x00\
\xff\x7f\x00\x00\xff\x7f\x00\x00\xff\x7f\x00\x00\xff\x7f\x00\x00\
\xff\x7f\x00\x00\xff\x7f\x00\x00\xff\x7f\x00\x00\xff\x7f\x00\x00\
\xff\x7f\x00\x00\xff\x7f\x00\x00\xff\x7f\x00\x00\xff\x7f\x00\x00\
\xff\x7f\x00\x00\xff\x7f\x00\x00\xff\x7f\x00\x00\xff\x7f\x00\x00\
\xff\x7f\x00\x00\xff\x7f\x00\x00\xff\x7f\x00\x00\xff\x7f\x00\x00\
\xff\x7f\x00\x00\xff\x7f\x00\x00\xff\x7f\x00\x00\xff\x7f\x00\x00\
\xff\x7f\x00\x00\xff\x7f\x00\x00\xff\x7f\x00\x00\xff\x7f\x00\x00\
\xff\x7f\x00\x00\xff\x7f\x00\x00\xff\x7f\x00\x00\xff\x7f\x00\x00\
\xff\x7f\x00\x00\xff\x7f\x00\x00\xff\x7f\x00\x00\xff\x7f\x00\x00\
\xff\x7f\x00\x00\xff\x7f\x00\x00\xff\x7f\x00\x00\xff\x7f\x00\x00\
\xff\x7f\x00\x00\xff\x7f\x00\x00\xff\x7f\x00\x00\xff\x7f\x00\x00\
\xff\x7f\x00\x00\xff\x7f\x00\x00\xff\x7f\x00\x00\xff\x7f\x00\x00\
\xff\x7f\x00\x00\xff\x7f\x00\x00\xff\x7f\x00\x00\xff\x7d\x00\x00\
\xff\x9f\x00\x00\xff\xaf\x00\x00\xff\x84\x00\x00\xff\x7e\x00\x00\
\xff\x7f\x00\x00\xff\x7f\x00\x00\xff\x7f\x00\x00\xff\x7f\x00\x00\
\xff\x7f\x00\x00\xff\x7f\x00\x00\xff\x7f\x00\x00\xff\x7f\x00\x00\
\xff\x7f\x00\x00\xff\x7f\x00\x00\xff\x7f\x00\x00\xff\x7f\x00\x00\
\xff\x7f\x00\x00\xff\x7f\x00\x00\xff\x7f\x00\x00\xff\x7f\x00\x00\
\xff\x7f\x00\x00\xff\x7f\x00\x00\xff\x7f\x00\x00\xff\x7f\x00\x00\
\xff\x7f\x00\x00\xff\x7f\x00\x00\xff\x7f\x00\x00\xff\x7f\x00\x00\
\xff\x7f\x00\x00\xff\x7f\x00\x00\xff\x7f\x00\x00\xff\x7f\x00\x00\
\xff\x7f\x00\x00\xff\x7f\x00\x00\xff\x7f\x00\x00\xff\x7f\x00\x00\
\xff\x7f\x00\x00\xff\x7f\x00\x00\xff\x7f\x00\x00\xff\x7f\x00\x00\
\xff\x7f\x00\x00\xff\x7f\x00\x00\xff\x7f\x00\x00\xff\x7f\x00\x00\
\xff\x7f\x00\x00\xff\x7f\x00\x00\xff\x7f\x00\x00\xff\x7f\x00\x00\
\xff\x7f\x00\x00\xff\x7f\x00\x00\xff\x7f\x00\x00\xff\x7f\x00\x00\
\xff\x7f\x00\x00\xff\x7f\x00\x00\xff\x7f\x00\x00\xff\x7f\x00\x00\
\xff\x7f\x00\x00\xff\x7f\x00\x00\xff\x7f\x00\x00\xff\x7f\x00\x00\
\xff\x7f\x00\x00\xff\x7f\x00\x00\xff\x7f\x00\x00\xff\x7f\x00\x00\
\xff\x81\x00\x00\xff\x82\x00\x00\xff\x80\x00\x00\xff\x7f\x00\x00\
\xff\x7f\x00\x00\xff\x7f\x00\x00\xff\x7f\x00\x00\xff\x7f\x00\x00\
\xff\x7f\x00\x00\xff\x7f\x00\x00\xff\x7f\x00\x00\xff\x7f\x00\x00\
\xff\x7f\x00\x00\xff\x7f\x00\x00\xff\x7f\x00\x00\xff\x7f\x00\x00\
\xff\x7f\x00\x00\xff\x7f\x00\x00\xff\x7f\x00\x00\xff\x7f\x00\x00\
\xff\x7f\x00\x00\xff\x7f\x00\x00\xff\x7f\x00\x00\xff\x7f\x00\x00\
\xff\x7f\x00\x00\xff\x7f\x00\x00\xff\x7f\x00\x00\xff\x7f\x00\x00\
\xff\x7f\x00\x00\xff\x7f\x00\x00\xff\x7f\x00\x00\xff\x7f\x00\x00\
\xff\x7f\x00\x00\xff\x7f\x00\x00\xff\x7f\x00\x00\xff\x7f\x00\x00\
\xff\x7f\x00\x00\xff\x7f\x00\x00\xff\x7f\x00\x00\xff\x7f\x00\x00\
\xff\x7f\x00\x00\xff\x7f\x00\x00\xff\x7f\x00\x00\xff\x7f\x00\x00\
\xff\x7f\x00\x00\xff\x7f\x00\x00\xff\x7f\x00\x00\xff\x7f\x00\x00\
\xff\x7f\x00\x00\xff\x7f\x00\x00\xff\x7f\x00\x00\xff\x7f\x00\x00\
\xff\x7f\x00\x00\xff\x7f\x00\x00\xff\x7f\x00\x00\xff\x7f\x00\x00\
\xff\x7f\x00\x00\xff\x7f\x00\x00\xff\x7f\x00\x00\xff\x7f\x00\x00\
\xff\x7f\x00\x00\xff\x7f\x00\x00\xff\x7f\x00\x00\xff\x7f\x00\x00\
\xff\x7e\x00\x00\xff\x7e\x00\x00\xff\x7f\x00\x00\xff\x7f\x00\x00\
\xff\x7f\x00\x00\xff\x7f\x00\x00\xff\x7f\x00\x00\xff\x7f\x00\x00\
\xff\x7f\x00\x00\xff\x7f\x00\x00\xff\x7f\x00\x00\xff\x7f\x00\x00\
\xff\x7f\x00\x00\xff\x7f\x00\x00\xff\x7f\x00\x00\xff\x7f\x00\x00\
\xff\x7f\x00\x00\xff\x7f\x00\x00\xff\x7f\x00\x00\xff\x7f\x00\x00\
\xff\x7f\x00\x00\xff\x7f\x00\x00\xff\x7f\x00\x00\xff\x7f\x00\x00\
\xff\x7f\x00\x00\xff\x7f\x00\x00\xff\x7f\x00\x00\xff\x7f\x00\x00\
\xff\x7f\x00\x00\xff\x7f\x00\x00\xff\x7f\x00\x00\xff\x7f\x00\x00\
\xff\x7f\x00\x00\xff\x7f\x00\x00\xff\x7f\x00\x00\xff\x7f\x00\x00\
\xff\x7f\x00\x00\xff\x7f\x00\x00\xff\x7f\x00\x00\xff\x7f\x00\x00\
\xff\x7f\x00\x00\xff\x7f\x00\x00\xff\x7f\x00\x00\xff\x7f\x00\x00\
\xff\x7f\x00\x00\xff\x7f\x00\x00\xff\x7f\x00\x00\xff\x7f\x00\x00\
\xff\x7f\x00\x00\xff\x7f\x00\x00\xff\x7f\x00\x00\xff\x7f\x00\x00\
\xff\x7f\x00\x00\xff\x7f\x00\x00\xff\x80\x00\x00\xff\x80\x00\x00\
\xff\x80\x00\x00\xff\x80\x00\x00\xff\x7f\x00\x00\xff\x7f\x00\x00\
\xff\x7f\x00\x00\xff\x7f\x00\x00\xff\x7f\x00\x00\xff\x7f\x00\x00\
\xff\x7f\x00\x00\xff\x7f\x00\x00\xff\x7f\x00\x00\xff\x7f\x00\x00\
\xff\x7f\x00\x00\xff\x7f\x00\x00\xff\x7f\x00\x00\xff\x7f\x00\x00\
\xff\x7f\x00\x00\xff\x7f\x00\x00\xff\x7f\x00\x00\xff\x7f\x00\x00\
\xff\x7f\x00\x00\xff\x7f\x00\x00\xff\x7f\x00\x00\xff\x7f\x00\x00\
\xff\x7f\x00\x00\xff\x7f\x00\x00\xff\x7f\x00\x00\xff\x7f\x00\x00\
\xff\x7f\x00\x00\xff\x7f\x00\x00\xff\x7f\x00\x00\xff\x7f\x00\x00\
\xff\x7f\x00\x00\xff\x7f\x00\x00\xff\x7f\x00\x00\xff\x7f\x00\x00\
\xff\x7f\x00\x00\xff\x7f\x00\x00\xff\x7f\x00\x00\xff\x7f\x00\x00\
\xff\x7f\x00\x00\xff\x7f\x00\x00\xff\x7f\x00\x00\xff\x7f\x00\x00\
\xff\x7f\x00\x00\xff\x7f\x00\x00\xff\x7f\x00\x00\xff\x7f\x00\x00\
\xff\x7f\x00\x00\xff\x7f\x00\x00\xff\x7f\x00\x00\xff\x7f\x00\x00\
\xff\x7f\x00\x00\xff\x7f\x00\x00\xff\x7f\x00\x00\xff\x7f\x00\x00\
\xff\x7f\x00\x00\xff\x7f\x00\x00\xff\x7f\x00\x00\xff\x7f\x00\x00\
\xff\x7f\x00\x00\xff\x7f\x00\x00\xff\x7a\x00\x00\xff\x7a\x00\x00\
\xff\x7a\x01\x00\xff\x7b\x01\x00\xff\x80\x01\x00\xff\x7f\x02\x00\
\xff\x7f\x02\x00\xff\x80\x01\x00\xff\x80\x00\x00\xff\x7f\x00\x00\
\xff\x7f\x00\x00\xff\x7f\x00\x00\xff\x7f\x00\x00\xff\x7f\x00\x00\
\xff\x7f\x00\x00\xff\x7f\x00\x00\xff\x7f\x00\x00\xff\x7f\x00\x00\
\xff\x7f\x00\x00\xff\x7f\x00\x00\xff\x7f\x00\x00\xff\x7f\x00\x00\
\xff\x7f\x00\x00\xff\x7f\x00\x00\xff\x7f\x00\x00\xff\x7f\x00\x00\
\xff\x7f\x00\x00\xff\x7f\x00\x00\xff\x7f\x00\x00\xff\x7f\x00\x00\
\xff\x7f\x00\x00\xff\x7f\x00\x00\xff\x7f\x00\x00\xff\x7f\x00\x00\
\xff\x7f\x00\x00\xff\x7f\x00\x00\xff\x7f\x00\x00\xff\x7f\x00\x00\
\xff\x7f\x00\x00\xff\x7f\x00\x00\xff\x7f\x00\x00\xff\x7f\x00\x00\
\xff\x7f\x00\x00\xff\x7f\x00\x00\xff\x7f\x00\x00\xff\x7f\x00\x00\
\xff\x7f\x00\x00\xff\x7f\x00\x00\xff\x7f\x00\x00\xff\x7f\x00\x00\
\xff\x7f\x00\x00\xff\x7f\x00\x00\xff\x7f\x00\x00\xff\x7f\x00\x00\
\xff\x7f\x00\x00\xff\x7f\x00\x00\xff\x7f\x00\x00\xff\x7f\x00\x00\
\xff\x7f\x00\x00\xff\x7f\x00\x00\xff\x7f\x00\x00\xff\x80\x00\x00\
\xff\x81\x00\x00\xff\x82\x01\x00\xff\x9d\x01\x00\xff\x9e\x01\x00\
\xff\x9d\x00\x00\xff\x96\x00\x01\xff\x7a\x00\x02\xff\x7c\x00\x02\
\xff\x7c\x00\x02\xff\x7a\x00\x01\xff\x7d\x01\x00\xff\x7f\x00\x00\
\xff\x7f\x00\x00\xff\x7f\x00\x00\xff\x7f\x00\x00\xff\x7f\x00\x00\
\xff\x7f\x00\x00\xff\x7f\x00\x00\xff\x7f\x00\x00\xff\x83\x00\x00\
\xff\x85\x00\x00\xff\x80\x00\x00\xff\x7f\x00\x00\xff\x7f\x00\x00\
\xff\x7f\x00\x00\xff\x7f\x00\x00\xff\x7f\x00\x00\xff\x7f\x00\x00\
\xff\x7f\x00\x00\xff\x7f\x00\x00\xff\x7f\x00\x00\xff\x7f\x00\x00\
\xff\x7f\x00\x00\xff\x7f\x00\x00\xff\x7f\x00\x00\xff\x7f\x00\x00\
\xff\x7f\x00\x00\xff\x7f\x00\x00\xff\x7f\x00\x00\xff\x7f\x00\x00\
\xff\x7f\x00\x00\xff\x7f\x00\x00\xff\x7f\x00\x00\xff\x7f\x00\x00\
\xff\x7f\x00\x00\xff\x7f\x00\x00\xff\x7f\x00\x00\xff\x7f\x00\x00\
\xff\x7f\x00\x00\xff\x7f\x00\x00\xff\x7f\x00\x00\xff\x7f\x00\x00\
\xff\x7f\x00\x00\xff\x7f\x00\x00\xff\x7f\x00\x00\xff\x7f\x00\x00\
\xff\x7f\x00\x00\xff\x7f\x00\x00\xff\x7f\x00\x00\xff\x7f\x00\x00\
\xff\x7f\x00\x00\xff\x7f\x00\x00\xff\x7e\x00\x00\xff\x7a\x01\x00\
\xff\x75\x00\x00\xff\x75\x00\x01\xff\xcc\x00\x02\xff\xe7\x00\x02\
\xff\xfa\x29\x01\xff\xf2\x23\x00\xff\xd5\x0e\x00\xff\xf0\x26\x00\
\xff\xeb\x1d\x00\xff\xb7\x00\x00\xff\x85\x00\x00\xff\x7f\x01\x00\
\xff\x7f\x00\x00\xff\x7f\x00\x00\xff\x7f\x00\x00\xff\x7f\x00\x00\
\xff\x7f\x00\x00\xff\x7f\x00\x00\xff\x7f\x00\x00\xff\x82\x00\x00\
\xff\x84\x00\x00\xff\x80\x00\x00\xff\x7f\x00\x00\xff\x7f\x00\x00\
\xff\x7f\x00\x00\xff\x7f\x00\x00\xff\x80\x01\x00\xff\x81\x01\x00\
\xff\x7f\x00\x00\xff\x7f\x00\x00\xff\x7f\x00\x00\xff\x7f\x00\x00\
\xff\x7f\x00\x00\xff\x7f\x00\x00\xff\x7f\x00\x00\xff\x7f\x00\x00\
\xff\x7f\x00\x00\xff\x7f\x00\x00\xff\x7f\x00\x00\xff\x7f\x00\x00\
\xff\x7f\x00\x00\xff\x7f\x00\x00\xff\x7f\x00\x00\xff\x7f\x00\x00\
\xff\x7f\x00\x00\xff\x7f\x00\x00\xff\x7f\x00\x00\xff\x7f\x00\x00\
\xff\x7f\x00\x00\xff\x7f\x00\x00\xff\x7f\x00\x00\xff\x7f\x00\x00\
\xff\x7f\x00\x00\xff\x7f\x00\x00\xff\x7f\x00\x00\xff\x7f\x00\x00\
\xff\x7f\x00\x00\xff\x7f\x00\x00\xff\x7f\x00\x00\xff\x7f\x00\x00\
\xff\x7f\x00\x00\xff\x7f\x00\x00\xff\x85\x00\x00\xff\xaa\x00\x00\
\xff\xc7\x08\x00\xff\xc8\x0e\x00\xff\xea\x14\x00\xff\xff\x19\x00\
\xff\xff\x8e\x00\xff\xed\xc8\x0e\xff\xc3\xc7\x3a\xff\xd0\xdb\x2e\
\xff\xcb\xdb\x33\xff\xe8\x9c\x19\xff\xdc\x11\x00\xff\x7d\x00\x00\
\xff\x7d\x01\x00\xff\x7f\x00\x00\xff\x7f\x00\x00\xff\x7f\x00\x00\
\xff\x7f\x00\x00\xff\x7f\x00\x00\xff\x7f\x00\x00\xff\x7f\x00\x00\
\xff\x7f\x00\x00\xff\x7f\x00\x00\xff\x7f\x00\x00\xff\x7f\x00\x00\
\xff\x7f\x00\x00\xff\x7f\x00\x00\xff\x7a\x00\x00\xff\x77\x00\x00\
\xff\x7e\x00\x00\xff\x7f\x00\x00\xff\x7f\x00\x00\xff\x7f\x00\x00\
\xff\x7f\x00\x00\xff\x7f\x00\x00\xff\x7f\x00\x00\xff\x7f\x00\x00\
\xff\x7f\x00\x00\xff\x7f\x00\x00\xff\x7f\x00\x00\xff\x7f\x00\x00\
\xff\x7f\x00\x00\xff\x7f\x00\x00\xff\x7f\x00\x00\xff\x7f\x00\x00\
\xff\x7f\x00\x00\xff\x7f\x00\x00\xff\x7f\x00\x00\xff\x7f\x00\x00\
\xff\x7f\x00\x00\xff\x7f\x00\x00\xff\x7f\x00\x00\xff\x7f\x00\x00\
\xff\x7f\x00\x00\xff\x7f\x00\x00\xff\x7f\x00\x00\xff\x7f\x00\x00\
\xff\x7f\x00\x00\xff\x7f\x00\x00\xff\x7f\x00\x00\xff\x7f\x00\x00\
\xff\x7f\x00\x00\xff\x7f\x00\x00\xff\x8e\x00\x00\xff\xd9\x0a\x00\
\xff\xff\x6c\x05\xff\xff\xa4\x04\xff\xd1\xda\x2b\xff\x8d\xeb\x6b\
\xff\x76\xea\x81\xff\x3c\xfb\xbc\xff\x2d\xff\xc8\xff\x44\xff\xb1\
\xff\x3c\xff\xb7\xff\x79\xff\x7e\xff\xf5\x5e\x03\xff\xb0\x00\x00\
\xff\x9b\x03\x01\xff\x7f\x00\x00\xff\x7f\x00\x00\xff\x7f\x00\x00\
\xff\x7f\x00\x00\xff\x7f\x00\x00\xff\x7f\x00\x00\xff\x7f\x00\x00\
\xff\x7f\x00\x00\xff\x7f\x00\x00\xff\x7f\x00\x00\xff\x7f\x00\x00\
\xff\x7f\x00\x00\xff\x7d\x00\x00\xff\x99\x0b\x00\xff\xa4\x0d\x00\
\xff\x85\x04\x00\xff\x7e\x00\x00\xff\x7f\x00\x00\xff\x7f\x00\x00\
\xff\x7f\x00\x00\xff\x7f\x00\x00\xff\x7f\x00\x00\xff\x7f\x00\x00\
\xff\x7f\x00\x00\xff\x7f\x00\x00\xff\x7f\x00\x00\xff\x7f\x00\x00\
\xff\x7f\x00\x00\xff\x7f\x00\x00\xff\x7f\x00\x00\xff\x7f\x00\x00\
\xff\x7f\x00\x00\xff\x7f\x00\x00\xff\x7f\x00\x00\xff\x7f\x00\x00\
\xff\x7f\x00\x00\xff\x7f\x00\x00\xff\x7f\x00\x00\xff\x7f\x00\x00\
\xff\x7f\x00\x00\xff\x7f\x00\x00\xff\x7f\x00\x00\xff\x7f\x00\x00\
\xff\x7f\x00\x00\xff\x7f\x00\x00\xff\x7f\x00\x00\xff\x7f\x00\x00\
\xff\x7f\x00\x00\xff\x81\x02\x00\xff\x7c\x00\x02\xff\xc7\x1e\x00\
\xff\xc6\xcd\x3b\xff\x78\xff\x7a\xff\x1b\xd9\xdf\xff\x00\xb1\xff\
\xff\x00\x97\xff\xff\x00\x94\xff\xff\x01\xd2\xfd\xff\x00\xda\xff\
\xff\x08\xf6\xf1\xff\x3d\xff\xb8\xff\xd9\xc1\x1f\xff\xff\x24\x00\
\xff\xbc\x00\x01\xff\x7c\x01\x00\xff\x80\x00\x00\xff\x7f\x00\x00\
\xff\x7f\x00\x00\xff\x7f\x00\x00\xff\x7f\x00\x00\xff\x7f\x00\x00\
\xff\x7f\x00\x00\xff\x7f\x00\x00\xff\x7f\x00\x00\xff\x7f\x00\x00\
\xff\x80\x01\x00\xff\x7a\x00\x00\xff\xe5\x4c\x03\xff\xff\x86\x07\
\xff\x9b\x06\x00\xff\x79\x00\x00\xff\x80\x01\x00\xff\x7f\x00\x00\
\xff\x7f\x00\x00\xff\x7f\x00\x00\xff\x7f\x00\x00\xff\x7f\x00\x00\
\xff\x7f\x00\x00\xff\x7f\x00\x00\xff\x7f\x00\x00\xff\x7f\x00\x00\
\xff\x7f\x00\x00\xff\x7f\x00\x00\xff\x7f\x00\x00\xff\x7f\x00\x00\
\xff\x7f\x00\x00\xff\x7f\x00\x00\xff\x7f\x00\x00\xff\x7f\x00\x00\
\xff\x7f\x00\x00\xff\x7f\x00\x00\xff\x7f\x00\x00\xff\x7f\x00\x00\
\xff\x7f\x00\x00\xff\x7f\x00\x00\xff\x7f\x00\x00\xff\x7f\x00\x00\
\xff\x7f\x00\x00\xff\x7f\x00\x00\xff\x7f\x00\x00\xff\x7f\x00\x00\
\xff\x80\x00\x00\xff\x79\x03\x01\xff\xc3\x00\x00\xff\xee\x7f\x00\
\xff\x5d\xdc\x9a\xff\x00\x34\xff\xff\x00\x58\xff\xff\x03\x99\xfc\
\xff\x02\x98\xfe\xff\x02\x89\xfd\xff\x02\xaf\xfe\xff\x00\xbf\xff\
\xff\x12\xf7\xe6\xff\x3b\xff\xb9\xff\xa1\xff\x56\xff\xff\x5f\x00\
\xff\xac\x00\x01\xff\x7b\x03\x00\xff\x80\x00\x00\xff\x7f\x00\x00\
\xff\x7f\x00\x00\xff\x7f\x00\x00\xff\x80\x00\x00\xff\x81\x00\x00\
\xff\x80\x00\x00\xff\x7f\x00\x00\xff\x7f\x00\x00\xff\x7f\x00\x00\
\xff\x80\x01\x00\xff\x7c\x00\x00\xff\xbc\x25\x01\xff\xd6\x3b\x02\
\xff\x8f\x06\x00\xff\x7b\x00\x00\xff\x80\x00\x00\xff\x7f\x00\x00\
\xff\x7f\x00\x00\xff\x7f\x00\x00\xff\x7f\x00\x00\xff\x7f\x00\x00\
\xff\x7f\x00\x00\xff\x7f\x00\x00\xff\x7f\x00\x00\xff\x7f\x00\x00\
\xff\x7f\x00\x00\xff\x7f\x00\x00\xff\x7f\x00\x00\xff\x7f\x00\x00\
\xff\x7f\x00\x00\xff\x7f\x00\x00\xff\x7f\x00\x00\xff\x7f\x00\x00\
\xff\x7f\x00\x00\xff\x7f\x00\x00\xff\x80\x00\x00\xff\x80\x00\x00\
\xff\x7f\x00\x00\xff\x7f\x00\x00\xff\x7f\x00\x00\xff\x7f\x00\x00\
\xff\x7f\x00\x00\xff\x7f\x00\x00\xff\x7f\x00\x00\xff\x80\x00\x00\
\xff\x7c\x02\x01\xff\x97\x00\x00\xff\xdc\x8a\x14\xff\x5e\xeb\xa1\
\xff\x18\xed\xde\xff\x00\x7c\xfc\xff\x01\x43\xfe\xff\x00\x63\xff\
\xff\x00\x6b\xff\xff\x01\x8e\xfe\xff\x00\xb5\xff\xff\x07\xf5\xf2\
\xff\x53\xfb\xa3\xff\xaa\xfa\x4c\xff\xe3\xcd\x17\xff\xff\x4d\x00\
\xff\xb5\x01\x00\xff\x7b\x00\x00\xff\x80\x00\x00\xff\x7f\x00\x00\
\xff\x80\x00\x00\xff\x7f\x00\x00\xff\x7b\x01\x00\xff\x79\x01\x00\
\xff\x7d\x01\x00\xff\x81\x01\x00\xff\x80\x00\x00\xff\x80\x00\x00\
\xff\x80\x00\x00\xff\x7f\x00\x00\xff\x79\x00\x00\xff\x77\x00\x00\
\xff\x7d\x00\x00\xff\x7f\x00\x00\xff\x7f\x00\x00\xff\x7f\x00\x00\
\xff\x7f\x00\x00\xff\x7f\x00\x00\xff\x7f\x00\x00\xff\x7f\x00\x00\
\xff\x7f\x00\x00\xff\x7f\x00\x00\xff\x7f\x00\x00\xff\x7f\x00\x00\
\xff\x7f\x00\x00\xff\x7f\x00\x00\xff\x7f\x00\x00\xff\x7f\x00\x00\
\xff\x7f\x00\x00\xff\x7f\x00\x00\xff\x7f\x00\x00\xff\x7f\x00\x00\
\xff\x7f\x00\x00\xff\x7f\x00\x00\xff\x7f\x00\x00\xff\x7f\x00\x00\
\xff\x7f\x00\x00\xff\x7f\x00\x00\xff\x7f\x00\x00\xff\x7f\x00\x00\
\xff\x7f\x00\x00\xff\x7f\x00\x00\xff\x7f\x00\x00\xff\x7f\x01\x00\
\xff\x7e\x00\x02\xff\xda\x0f\x00\xff\x83\xd7\x7f\xff\x00\x4f\xf3\
\xff\x02\x76\xee\xff\x01\xb1\xff\xff\x00\x73\xff\xff\x00\x82\xff\
\xff\x02\xa6\xfb\xff\x00\xa4\xff\xff\x06\xc9\xf7\xff\x0a\xff\xeb\
\xff\x84\xff\x70\xff\xff\xc2\x00\xff\xff\xc5\x00\xff\xff\x69\x00\
\xff\xab\x00\x00\xff\x77\x00\x00\xff\x7f\x00\x00\xff\x7f\x00\x00\
\xff\x7b\x01\x00\xff\x7e\x03\x00\xff\x94\x00\x00\xff\xa2\x00\x01\
\xff\x8a\x00\x01\xff\x77\x00\x00\xff\x79\x02\x00\xff\x79\x02\x00\
\xff\x7c\x00\x00\xff\x7f\x00\x00\xff\x80\x01\x00\xff\x81\x01\x00\
\xff\x7f\x00\x00\xff\x7f\x00\x00\xff\x7f\x00\x00\xff\x7f\x00\x00\
\xff\x7f\x00\x00\xff\x7f\x00\x00\xff\x7f\x00\x00\xff\x7f\x00\x00\
\xff\x7f\x00\x00\xff\x7f\x00\x00\xff\x7f\x00\x00\xff\x7f\x00\x00\
\xff\x7f\x00\x00\xff\x7f\x00\x00\xff\x7f\x00\x00\xff\x7f\x00\x00\
\xff\x7f\x00\x00\xff\x7f\x00\x00\xff\x7f\x00\x00\xff\x7f\x00\x00\
\xff\x7f\x00\x00\xff\x7f\x00\x00\xff\x7f\x00\x00\xff\x7f\x00\x00\
\xff\x7f\x00\x00\xff\x7f\x00\x00\xff\x7f\x00\x00\xff\x7f\x00\x00\
\xff\x7f\x00\x00\xff\x7f\x00\x00\xff\x7f\x00\x00\xff\x7f\x01\x00\
\xff\x7c\x00\x01\xff\xd1\x08\x00\xff\xc6\xb6\x3c\xff\x24\xb1\xc8\
\xff\x00\x62\xff\xff\x03\x22\xfb\xff\x00\x6b\xff\xff\x28\xff\xd1\
\xff\x2b\xf3\xcd\xff\x05\xe6\xf6\xff\x7e\xf4\x7a\xff\xc0\xd6\x38\
\xff\xc2\xec\x39\xff\xf6\xa8\x0c\xff\xff\x6b\x00\xff\xfb\x3f\x00\
\xff\x99\x00\x00\xff\x93\x02\x00\xff\x92\x00\x00\xff\x7f\x01\x00\
\xff\x8b\x00\x00\xff\xba\x00\x00\xff\xf2\x20\x01\xff\xff\x2e\x00\
\xff\xeb\x0c\x00\xff\xd5\x0a\x02\xff\xab\x00\x00\xff\x98\x00\x00\
\xff\x8d\x00\x00\xff\x7f\x00\x00\xff\x7f\x00\x00\xff\x7f\x00\x00\
\xff\x7f\x00\x00\xff\x7f\x00\x00\xff\x7f\x00\x00\xff\x7f\x00\x00\
\xff\x7f\x00\x00\xff\x7f\x00\x00\xff\x7f\x00\x00\xff\x7f\x00\x00\
\xff\x7f\x00\x00\xff\x7f\x00\x00\xff\x7f\x00\x00\xff\x7f\x00\x00\
\xff\x7f\x00\x00\xff\x7f\x00\x00\xff\x7f\x00\x00\xff\x7f\x00\x00\
\xff\x7f\x00\x00\xff\x7f\x00\x00\xff\x7f\x00\x00\xff\x7f\x00\x00\
\xff\x7f\x00\x00\xff\x7f\x00\x00\xff\x7f\x00\x00\xff\x7f\x00\x00\
\xff\x7f\x00\x00\xff\x7f\x00\x00\xff\x7f\x00\x00\xff\x7f\x00\x00\
\xff\x7f\x00\x00\xff\x81\x00\x00\xff\x7f\x00\x00\xff\x80\x00\x00\
\xff\x7c\x02\x00\xff\x8b\x00\x02\xff\xf3\x24\x00\xff\xe2\xcc\x1e\
\xff\x5b\xff\x9f\xff\x00\x79\xff\xff\x00\x49\xff\xff\x19\xcf\xe3\
\xff\x14\xfa\xe1\xff\x00\xf2\xfd\xff\x84\xfb\x72\xff\xff\x44\x00\
\xff\xea\x24\x00\xff\xcb\x1f\x01\xff\xaf\x00\x00\xff\xa3\x00\x00\
\xff\x87\x00\x00\xff\xa2\x00\x00\xff\x9a\x01\x00\xff\xa5\x00\x00\
\xff\xee\x25\x00\xff\xff\x74\x01\xff\xff\xa1\x00\xff\xe5\xcb\x16\
\xff\xfc\xb2\x04\xff\xff\x7e\x00\xff\xfd\x96\x02\xff\xff\x70\x02\
\xff\xca\x0e\x00\xff\x7f\x00\x00\xff\x7f\x01\x00\xff\x7f\x00\x00\
\xff\x7f\x00\x00\xff\x7f\x00\x00\xff\x7f\x00\x00\xff\x7f\x00\x00\
\xff\x7f\x00\x00\xff\x7f\x00\x00\xff\x7f\x00\x00\xff\x7f\x00\x00\
\xff\x7f\x00\x00\xff\x7f\x00\x00\xff\x7f\x00\x00\xff\x7f\x00\x00\
\xff\x7f\x00\x00\xff\x7f\x00\x00\xff\x7f\x00\x00\xff\x7f\x00\x00\
\xff\x7f\x00\x00\xff\x7f\x00\x00\xff\x7f\x00\x00\xff\x7f\x00\x00\
\xff\x7f\x00\x00\xff\x7f\x00\x00\xff\x7f\x00\x00\xff\x7f\x00\x00\
\xff\x7f\x00\x00\xff\x7f\x00\x00\xff\x7f\x00\x00\xff\x7f\x00\x00\
\xff\x7f\x00\x00\xff\x80\x00\x00\xff\x7f\x00\x00\xff\x7f\x00\x00\
\xff\x80\x01\x00\xff\x78\x00\x00\xff\xdd\x10\x04\xff\xff\x89\x00\
\xff\xb8\xf7\x3e\xff\x10\xf3\xeb\xff\x19\xc4\xe5\xff\x00\xd1\xff\
\xff\x4c\xff\xab\xff\xaa\xef\x52\xff\xb2\xe1\x4a\xff\xfe\x72\x09\
\xff\xb5\x00\x00\xff\x76\x00\x00\xff\x75\x02\x00\xff\x74\x01\x00\
\xff\x7e\x00\x00\xff\x81\x00\x00\xff\x85\x01\x00\xff\xbd\x00\x01\
\xff\xfb\x22\x00\xff\xf0\xd0\x0d\xff\xaa\xff\x4b\xff\x41\xff\xb6\
\xff\x54\xf6\xa3\xff\x91\xfd\x64\xff\x96\xff\x5c\xff\xe4\xbd\x1d\
\xff\xc9\x0b\x00\xff\x7b\x00\x01\xff\x80\x01\x00\xff\x7f\x00\x00\
\xff\x7f\x00\x00\xff\x7f\x00\x00\xff\x7f\x00\x00\xff\x7f\x00\x00\
\xff\x7f\x00\x00\xff\x7f\x00\x00\xff\x7f\x00\x00\xff\x7f\x00\x00\
\xff\x7f\x00\x00\xff\x7f\x00\x00\xff\x7f\x00\x00\xff\x7f\x00\x00\
\xff\x7f\x00\x00\xff\x7f\x00\x00\xff\x7f\x00\x00\xff\x7f\x00\x00\
\xff\x7f\x00\x00\xff\x7f\x00\x00\xff\x7f\x00\x00\xff\x7f\x00\x00\
\xff\x7f\x00\x00\xff\x7f\x00\x00\xff\x7f\x00\x00\xff\x7f\x00\x00\
\xff\x7f\x00\x00\xff\x7f\x00\x00\xff\x7f\x00\x00\xff\x7f\x00\x00\
\xff\x7f\x00\x00\xff\x7f\x00\x00\xff\x7f\x00\x00\xff\x7f\x00\x00\
\xff\x80\x00\x00\xff\x7c\x01\x00\xff\xd2\x00\x01\xff\xff\x7d\x00\
\xff\x8e\xff\x67\xff\x5e\xfd\x98\xff\xb2\xff\x44\xff\x65\xff\x90\
\xff\xd8\xc2\x23\xff\xf4\x3a\x00\xff\xdb\x1c\x00\xff\xdc\x1d\x00\
\xff\xa3\x01\x00\xff\x77\x01\x00\xff\x9c\x00\x00\xff\xab\x00\x00\
\xff\x87\x00\x00\xff\x7c\x00\x00\xff\x81\x00\x00\xff\x86\x04\x01\
\xff\xb8\x00\x00\xff\xe7\x6e\x09\xff\x3a\xf1\xc1\xff\x00\xd0\xff\
\xff\x00\x9b\xff\xff\x00\x7f\xff\xff\x3a\xed\xbc\xff\xef\xae\x14\
\xff\xb3\x01\x00\xff\x74\x00\x01\xff\x81\x01\x00\xff\x7f\x00\x00\
\xff\x7f\x00\x00\xff\x7f\x00\x00\xff\x7f\x00\x00\xff\x7f\x00\x00\
\xff\x7f\x00\x00\xff\x7f\x00\x00\xff\x7f\x00\x00\xff\x7f\x00\x00\
\xff\x7f\x00\x00\xff\x7f\x00\x00\xff\x7f\x00\x00\xff\x7f\x00\x00\
\xff\x7f\x00\x00\xff\x7f\x00\x00\xff\x7f\x00\x00\xff\x7f\x00\x00\
\xff\x7f\x00\x00\xff\x7f\x00\x00\xff\x7f\x00\x00\xff\x7f\x00\x00\
\xff\x7f\x00\x00\xff\x7f\x00\x00\xff\x7f\x00\x00\xff\x7f\x00\x00\
\xff\x7f\x00\x00\xff\x7f\x00\x00\xff\x7f\x00\x00\xff\x7f\x00\x00\
\xff\x7f\x00\x00\xff\x7e\x00\x00\xff\x7e\x00\x00\xff\x7f\x00\x00\
\xff\x80\x00\x00\xff\x79\x03\x00\xff\xa8\x00\x01\xff\xff\x67\x00\
\xff\x9d\xff\x59\xff\xb2\xef\x47\xff\xe3\xed\x15\xff\x9c\xff\x60\
\xff\xdd\x48\x03\xff\x86\x00\x01\xff\x7f\x00\x01\xff\x81\x00\x00\
\xff\x81\x00\x00\xff\x7a\x00\x00\xff\xb4\x00\x00\xff\xdb\x00\x00\
\xff\x8c\x00\x00\xff\x7a\x00\x00\xff\x89\x00\x00\xff\xb8\x01\x01\
\xff\xe3\x00\x00\xff\xec\x8f\x0d\xff\x44\xe9\xb6\xff\x00\xb5\xff\
\xff\x04\xab\xfb\xff\x01\x54\xff\xff\x00\xc5\xfb\xff\xc2\xdb\x3d\
\xff\xc4\x10\x00\xff\x77\x00\x02\xff\x80\x01\x00\xff\x7f\x00\x00\
\xff\x7f\x00\x00\xff\x7f\x00\x00\xff\x7f\x00\x00\xff\x7f\x00\x00\
\xff\x7f\x00\x00\xff\x7f\x00\x00\xff\x7f\x00\x00\xff\x7f\x00\x00\
\xff\x7f\x00\x00\xff\x7f\x00\x00\xff\x7f\x00\x00\xff\x7f\x00\x00\
\xff\x7f\x00\x00\xff\x7f\x00\x00\xff\x7f\x00\x00\xff\x7f\x00\x00\
\xff\x7f\x00\x00\xff\x7f\x00\x00\xff\x7f\x00\x00\xff\x7f\x00\x00\
\xff\x7f\x00\x00\xff\x7f\x00\x00\xff\x7f\x00\x00\xff\x7f\x00\x00\
\xff\x7f\x00\x00\xff\x7f\x00\x00\xff\x7f\x00\x00\xff\x7f\x00\x00\
\xff\x7f\x00\x00\xff\x85\x00\x00\xff\x86\x00\x00\xff\x81\x00\x00\
\xff\x7e\x00\x00\xff\x87\x03\x01\xff\xbc\x00\x00\xff\xf1\x89\x0a\
\xff\x51\xff\xa6\xff\x34\xf3\xc4\xff\x6f\xff\x85\xff\xd9\xaa\x25\
\xff\xb6\x09\x00\xff\x75\x01\x01\xff\x80\x02\x00\xff\x7e\x01\x00\
\xff\x7f\x00\x00\xff\x7e\x00\x00\xff\x8b\x00\x00\xff\x91\x00\x00\
\xff\x84\x00\x00\xff\x7a\x01\x00\xff\x91\x00\x00\xff\xf7\x15\x01\
\xff\xff\x24\x00\xff\xf1\xb7\x0a\xff\x96\xff\x5f\xff\x22\xf0\xd6\
\xff\x00\xc5\xff\xff\x00\xd5\xff\xff\x11\xea\xe8\xff\xc0\xdd\x3f\
\xff\xdf\x1b\x00\xff\x7e\x00\x02\xff\x7f\x01\x00\xff\x7f\x00\x00\
\xff\x7f\x00\x00\xff\x7f\x00\x00\xff\x7f\x00\x00\xff\x7f\x00\x00\
\xff\x7f\x00\x00\xff\x7f\x00\x00\xff\x7f\x00\x00\xff\x7f\x00\x00\
\xff\x7f\x00\x00\xff\x7f\x00\x00\xff\x7f\x00\x00\xff\x7f\x00\x00\
\xff\x7f\x00\x00\xff\x7f\x00\x00\xff\x7f\x00\x00\xff\x7f\x00\x00\
\xff\x7f\x00\x00\xff\x7f\x00\x00\xff\x7f\x00\x00\xff\x7f\x00\x00\
\xff\x7f\x00\x00\xff\x7f\x00\x00\xff\x7f\x00\x00\xff\x7f\x00\x00\
\xff\x7f\x00\x00\xff\x80\x00\x00\xff\x7f\x00\x00\xff\x7f\x00\x00\
\xff\x7f\x00\x00\xff\x87\x00\x00\xff\x9b\x00\x00\xff\xa1\x00\x00\
\xff\x82\x01\x00\xff\x8c\x00\x01\xff\xf1\x16\x00\xff\xe6\xc4\x18\
\xff\x63\xff\x92\xff\x38\xfe\xbd\xff\x60\xff\x95\xff\xea\xa5\x15\
\xff\xbc\x00\x00\xff\x77\x01\x01\xff\x81\x00\x00\xff\x7f\x00\x00\
\xff\x7f\x00\x00\xff\x7f\x00\x00\xff\x7d\x00\x00\xff\x7b\x00\x00\
\xff\x7f\x00\x00\xff\x7f\x00\x00\xff\x7f\x00\x01\xff\xd9\x02\x00\
\xff\xf9\x94\x0a\xff\x99\xfd\x5b\xff\x56\xfa\xa1\xff\x16\xe4\xe4\
\xff\x00\xcf\xff\xff\x03\xf6\xf5\xff\x65\xff\x90\xff\xf0\x81\x09\
\xff\xb6\x00\x00\xff\x7d\x01\x01\xff\x7f\x00\x00\xff\x7f\x00\x00\
\xff\x7f\x00\x00\xff\x7f\x00\x00\xff\x7f\x00\x00\xff\x7f\x00\x00\
\xff\x7f\x00\x00\xff\x7f\x00\x00\xff\x7f\x00\x00\xff\x7f\x00\x00\
\xff\x7f\x00\x00\xff\x7f\x00\x00\xff\x7f\x00\x00\xff\x7f\x00\x00\
\xff\x7f\x00\x00\xff\x7f\x00\x00\xff\x7f\x00\x00\xff\x7f\x00\x00\
\xff\x7f\x00\x00\xff\x7f\x00\x00\xff\x7f\x00\x00\xff\x7f\x00\x00\
\xff\x7f\x00\x00\xff\x7f\x00\x00\xff\x7f\x00\x00\xff\x7f\x00\x00\
\xff\x7f\x00\x00\xff\x81\x00\x00\xff\x81\x00\x00\xff\x7f\x00\x00\
\xff\x7f\x00\x00\xff\x7f\x00\x00\xff\x8e\x00\x00\xff\x9b\x00\x00\
\xff\x80\x02\x00\xff\x85\x00\x01\xff\xe7\x03\x00\xff\xfb\xaf\x05\
\xff\xda\xff\x1a\xff\xf1\xb7\x09\xff\xed\xb4\x0c\xff\xfd\xb3\x09\
\xff\xcc\x13\x00\xff\x74\x00\x00\xff\x81\x01\x00\xff\x7f\x00\x00\
\xff\x7f\x00\x00\xff\x7f\x00\x00\xff\x80\x00\x00\xff\x80\x00\x00\
\xff\x7f\x00\x00\xff\x82\x00\x00\xff\x74\x01\x01\xff\xac\x00\x00\
\xff\xe9\x9d\x15\xff\x6a\xff\x8a\xff\x00\xcc\xff\xff\x00\x93\xff\
\xff\x00\xca\xff\xff\x1b\xfa\xdb\xff\xc7\xd9\x33\xff\xff\x2e\x00\
\xff\xab\x00\x02\xff\x7d\x02\x00\xff\x7f\x00\x00\xff\x7f\x00\x00\
\xff\x7f\x00\x00\xff\x7f\x00\x00\xff\x7f\x00\x00\xff\x7f\x00\x00\
\xff\x81\x00\x00\xff\x80\x00\x00\xff\x7f\x00\x00\xff\x7f\x00\x00\
\xff\x7f\x00\x00\xff\x7f\x00\x00\xff\x7f\x00\x00\xff\x7f\x00\x00\
\xff\x7f\x00\x00\xff\x7f\x00\x00\xff\x7f\x00\x00\xff\x80\x00\x00\
\xff\x80\x00\x00\xff\x7f\x00\x00\xff\x7f\x00\x00\xff\x7f\x00\x00\
\xff\x7f\x00\x00\xff\x7f\x00\x00\xff\x7f\x00\x00\xff\x7f\x00\x00\
\xff\x7f\x00\x00\xff\x7f\x00\x00\xff\x80\x00\x00\xff\x80\x00\x00\
\xff\x7f\x00\x00\xff\x7f\x00\x00\xff\x81\x01\x00\xff\x7b\x03\x00\
\xff\x9e\x00\x00\xff\xec\x30\x00\xff\xfd\x61\x00\xff\xf6\xb4\x06\
\xff\xf5\xd2\x06\xff\xff\x2b\x00\xff\xff\x21\x00\xff\xff\x35\x00\
\xff\xcf\x01\x00\xff\x7f\x00\x00\xff\x80\x00\x00\xff\x7f\x00\x00\
\xff\x7f\x00\x00\xff\x7f\x00\x00\xff\x7f\x00\x00\xff\x7f\x00\x00\
\xff\x80\x00\x00\xff\x7b\x01\x00\xff\x87\x01\x01\xff\xda\x00\x00\
\xff\xe1\x9f\x18\xff\x2b\xdf\xce\xff\x08\xb8\xf4\xff\x2b\xcc\xce\
\xff\x00\xdb\xff\xff\x49\xff\xae\xff\xf7\x9c\x0a\xff\xf5\x06\x00\
\xff\xb1\x00\x01\xff\x80\x01\x00\xff\x7f\x00\x00\xff\x7f\x00\x00\
\xff\x7f\x00\x00\xff\x7f\x00\x00\xff\x7f\x00\x00\xff\x7f\x00\x00\
\xff\x95\x00\x00\xff\x94\x00\x00\xff\x7e\x00\x00\xff\x7f\x00\x00\
\xff\x7f\x00\x00\xff\x7f\x00\x00\xff\x7f\x00\x00\xff\x7f\x00\x00\
\xff\x7f\x00\x00\xff\x7f\x00\x00\xff\x7f\x00\x00\xff\x7f\x00\x00\
\xff\x7f\x00\x00\xff\x7f\x00\x00\xff\x7f\x00\x00\xff\x7f\x00\x00\
\xff\x7f\x00\x00\xff\x7f\x00\x00\xff\x7f\x00\x00\xff\x7f\x00\x00\
\xff\x7f\x00\x00\xff\x7f\x00\x00\xff\x7f\x00\x00\xff\x7e\x00\x00\
\xff\x80\x00\x00\xff\x7d\x01\x00\xff\x7c\x00\x00\xff\xad\x00\x02\
\xff\xf4\x29\x00\xff\xc6\xdc\x3b\xff\x8a\xff\x6c\xff\xe7\xed\x13\
\xff\xff\xbf\x00\xff\xff\x4a\x00\xff\xfe\x3b\x01\xff\xff\x2c\x00\
\xff\xd1\x00\x00\xff\x80\x00\x00\xff\x7b\x00\x00\xff\x80\x00\x00\
\xff\x7f\x00\x00\xff\x7f\x00\x00\xff\x7f\x00\x00\xff\x7f\x00\x00\
\xff\x7f\x00\x00\xff\x82\x01\x00\xff\xa5\x00\x01\xff\xff\x15\x00\
\xff\xd2\xd8\x26\xff\x27\xb6\xd2\xff\x20\xcc\xdb\xff\xcf\xfe\x28\
\xff\x97\xfa\x5e\xff\xa3\xed\x5a\xff\xe3\x3d\x00\xff\xb4\x00\x02\
\xff\x9b\x02\x00\xff\x82\x00\x00\xff\x7e\x00\x00\xff\x7f\x00\x00\
\xff\x7f\x00\x00\xff\x7f\x00\x00\xff\x7f\x00\x00\xff\x7f\x00\x00\
\xff\x8d\x00\x00\xff\x8c\x00\x00\xff\x7f\x00\x00\xff\x7f\x00\x00\
\xff\x7f\x00\x00\xff\x7f\x00\x00\xff\x7f\x00\x00\xff\x7f\x00\x00\
\xff\x7f\x00\x00\xff\x7f\x00\x00\xff\x7f\x00\x00\xff\x7f\x00\x00\
\xff\x7f\x00\x00\xff\x7f\x00\x00\xff\x7f\x00\x00\xff\x7f\x00\x00\
\xff\x7f\x00\x00\xff\x7f\x00\x00\xff\x7f\x00\x00\xff\x7f\x00\x00\
\xff\x7f\x00\x00\xff\x7f\x00\x00\xff\x80\x00\x00\xff\x81\x00\x00\
\xff\x7b\x01\x00\xff\x84\x00\x01\xff\xbb\x09\x01\xff\xf2\x27\x00\
\xff\xff\x63\x00\xff\xc0\xff\x37\xff\xc2\xe7\x34\xff\xff\x92\x00\
\xff\xe0\xe1\x1b\xff\xcc\xe6\x2c\xff\xff\x71\x00\xff\xff\x25\x00\
\xff\xd6\x00\x00\xff\xb1\x03\x00\xff\x97\x01\x00\xff\x7d\x00\x00\
\xff\x82\x01\x00\xff\x80\x00\x00\xff\x7f\x00\x00\xff\x81\x00\x00\
\xff\x79\x03\x01\xff\x9a\x00\x01\xff\xeb\x34\x01\xff\xf8\x76\x04\
\xff\xb3\xd6\x47\xff\x42\xff\xb9\xff\x5e\xff\x98\xff\xab\xe6\x4c\
\xff\xc1\xfe\x33\xff\xe4\xdc\x17\xff\xd3\x15\x00\xff\xae\x00\x00\
\xff\x9e\x01\x00\xff\x81\x00\x00\xff\x7f\x00\x00\xff\x7f\x00\x00\
\xff\x7f\x00\x00\xff\x7f\x00\x00\xff\x7f\x00\x00\xff\x7f\x00\x00\
\xff\x7e\x00\x00\xff\x7e\x00\x00\xff\x7f\x00\x00\xff\x7f\x00\x00\
\xff\x7f\x00\x00\xff\x7f\x00\x00\xff\x7f\x00\x00\xff\x7f\x00\x00\
\xff\x7f\x00\x00\xff\x7f\x00\x00\xff\x7f\x00\x00\xff\x7f\x00\x00\
\xff\x7f\x00\x00\xff\x7f\x00\x00\xff\x7f\x00\x00\xff\x7f\x00\x00\
\xff\x7f\x00\x00\xff\x7f\x00\x00\xff\x7f\x00\x00\xff\x7f\x00\x00\
\xff\x7f\x00\x00\xff\x7f\x00\x00\xff\x7c\x00\x00\xff\xa9\x05\x00\
\xff\xca\x00\x00\xff\xdc\x03\x00\xff\xff\x7e\x00\xff\xf6\xd0\x09\
\xff\xe8\xca\x13\xff\xff\xb7\x00\xff\xee\xd9\x0a\xff\xb6\xed\x40\
\xff\x9e\xff\x58\xff\xca\xfd\x2b\xff\xff\x3c\x00\xff\xc9\x00\x01\
\xff\xec\x1a\x00\xff\xff\x2c\x00\xff\xa1\x00\x01\xff\x72\x02\x00\
\xff\x78\x00\x01\xff\x79\x00\x00\xff\x81\x00\x00\xff\x7c\x02\x01\
\xff\x7b\x00\x00\xff\xd9\x05\x00\xff\xf0\x99\x13\xff\xd7\xf5\x22\
\xff\x47\xc6\xad\xff\x00\x47\xf1\xff\x4d\xf5\xaa\xff\xa5\xfe\x57\
\xff\xb7\xfe\x45\xff\xed\xab\x16\xff\xff\x0a\x00\xff\xba\x00\x01\
\xff\x7d\x01\x00\xff\x80\x00\x00\xff\x7f\x00\x00\xff\x7f\x00\x00\
\xff\x7f\x00\x00\xff\x7f\x00\x00\xff\x7f\x00\x00\xff\x7f\x00\x00\
\xff\x7f\x00\x00\xff\x7f\x00\x00\xff\x7f\x00\x00\xff\x7f\x00\x00\
\xff\x7f\x00\x00\xff\x7f\x00\x00\xff\x7f\x00\x00\xff\x7f\x00\x00\
\xff\x7f\x00\x00\xff\x7f\x00\x00\xff\x7f\x00\x00\xff\x7f\x00\x00\
\xff\x7f\x00\x00\xff\x7f\x00\x00\xff\x7f\x00\x00\xff\x7f\x00\x00\
\xff\x7f\x00\x00\xff\x7f\x00\x00\xff\x7f\x00\x00\xff\x7f\x00\x00\
\xff\x7f\x00\x00\xff\x83\x00\x00\xff\x7f\x00\x00\xff\xc0\x01\x00\
\xff\xff\x64\x05\xff\xda\xcd\x22\xff\xfc\xde\x00\xff\xbe\xe6\x3a\
\xff\x38\xfb\xc1\xff\xba\xdb\x3f\xff\x9a\xf2\x5d\xff\x47\xff\xae\
\xff\xc3\xf8\x34\xff\xf7\xcf\x04\xff\xfb\x67\x02\xff\xcb\x04\x01\
\xff\xdc\x16\x02\xff\xe0\x03\x00\xff\xd1\x00\x00\xff\xc6\x00\x00\
\xff\xde\x0a\x00\xff\xc0\x07\x00\xff\x75\x01\x01\xff\x9e\x00\x00\
\xff\xd6\x62\x0e\xff\xb4\xc3\x49\xff\xda\xd6\x20\xff\xff\xb7\x00\
\xff\x74\xbe\x80\xff\x00\x4c\xfc\xff\x68\xbb\x8b\xff\xf2\x62\x00\
\xff\xd4\x3b\x00\xff\xb4\x13\x00\xff\x9b\x00\x00\xff\x8c\x00\x00\
\xff\x7f\x00\x00\xff\x7f\x00\x00\xff\x7f\x00\x00\xff\x7f\x00\x00\
\xff\x7f\x00\x00\xff\x7f\x00\x00\xff\x7f\x00\x00\xff\x7f\x00\x00\
\xff\x7f\x00\x00\xff\x7f\x00\x00\xff\x7f\x00\x00\xff\x7f\x00\x00\
\xff\x7f\x00\x00\xff\x7f\x00\x00\xff\x7f\x00\x00\xff\x7f\x00\x00\
\xff\x7f\x00\x00\xff\x7f\x00\x00\xff\x7f\x00\x00\xff\x7f\x00\x00\
\xff\x7f\x00\x00\xff\x7f\x00\x00\xff\x7f\x00\x00\xff\x7f\x00\x00\
\xff\x7f\x00\x00\xff\x7f\x00\x00\xff\x7f\x00\x00\xff\x80\x00\x00\
\xff\x7b\x00\x00\xff\xb8\x02\x00\xff\xd1\x00\x01\xff\xf3\x24\x00\
\xff\xb6\xe9\x44\xff\x1d\xef\xda\xff\x49\xad\xb1\xff\x31\xba\xcb\
\xff\x00\xbb\xff\xff\x57\xff\x9f\xff\xbc\xff\x39\xff\xbc\xf1\x3c\
\xff\xf7\xdb\x04\xff\xee\xd3\x0f\xff\xf9\x75\x07\xff\xff\x0a\x00\
\xff\xee\x00\x00\xff\xe8\x43\x00\xff\xe7\xa7\x16\xff\xf1\x74\x0d\
\xff\xfe\x9f\x0e\xff\xde\x4e\x02\xff\x75\x00\x00\xff\xc7\x47\x0b\
\xff\x48\x8e\xa3\xff\x56\xb5\x9f\xff\xe0\xff\x18\xff\x45\xe3\xb3\
\xff\x0a\xe1\xef\xff\x60\xe0\xa8\xff\xe7\x62\x00\xff\xac\x00\x00\
\xff\x9f\x00\x02\xff\x7e\x00\x00\xff\x77\x00\x00\xff\x7b\x00\x00\
\xff\x84\x00\x00\xff\x8b\x00\x00\xff\x81\x00\x00\xff\x7f\x00\x00\
\xff\x7f\x00\x00\xff\x7f\x00\x00\xff\x7f\x00\x00\xff\x7f\x00\x00\
\xff\x7f\x00\x00\xff\x7f\x00\x00\xff\x7f\x00\x00\xff\x7f\x00\x00\
\xff\x7f\x00\x00\xff\x7f\x00\x00\xff\x7f\x00\x00\xff\x7f\x00\x00\
\xff\x7f\x00\x00\xff\x7f\x00\x00\xff\x7f\x00\x00\xff\x7f\x00\x00\
\xff\x7f\x00\x00\xff\x7f\x00\x00\xff\x7f\x00\x00\xff\x7f\x00\x00\
\xff\x7f\x00\x00\xff\x7f\x00\x00\xff\x7f\x00\x00\xff\x80\x00\x00\
\xff\x7a\x01\x00\xff\xb7\x00\x00\xff\xf9\x1b\x00\xff\xd8\xc5\x1d\
\xff\x82\xff\x74\xff\x13\xc9\xe7\xff\x00\x7d\xff\xff\x07\xd6\xf4\
\xff\x25\xf4\xd2\xff\x7c\xfe\x79\xff\xa0\xff\x55\xff\xce\xf6\x29\
\xff\xff\x6f\x00\xff\xff\x3d\x00\xff\xfd\x88\x00\xff\xe7\xb1\x13\
\xff\xce\xb8\x2c\xff\xd7\xe7\x25\xff\xd6\xff\x21\xff\xe2\xe2\x18\
\xff\x7c\xff\x79\xff\xde\x86\x13\xff\xf0\x07\x00\xff\xcd\xbb\x31\
\xff\x00\x71\xfb\xff\x68\xb7\x93\xff\xff\xc3\x00\xff\x59\xe5\x9f\
\xff\x09\xe4\xee\xff\x52\xd1\xa8\xff\xb9\xcf\x3e\xff\xfc\x7b\x04\
\xff\xec\x07\x01\xff\x8f\x01\x01\xff\x80\x01\x00\xff\x85\x00\x00\
\xff\x87\x00\x00\xff\x89\x00\x00\xff\x81\x00\x00\xff\x7f\x00\x00\
\xff\x80\x00\x00\xff\x7f\x00\x00\xff\x7f\x00\x00\xff\x7f\x00\x00\
\xff\x7f\x00\x00\xff\x7f\x00\x00\xff\x7f\x00\x00\xff\x7f\x00\x00\
\xff\x7e\x00\x00\xff\x7d\x00\x00\xff\x7e\x00\x00\xff\x7f\x00\x00\
\xff\x7f\x00\x00\xff\x7f\x00\x00\xff\x7f\x00\x00\xff\x7f\x00\x00\
\xff\x7f\x00\x00\xff\x7f\x00\x00\xff\x7f\x00\x00\xff\x7f\x00\x00\
\xff\x7f\x00\x00\xff\x7f\x00\x00\xff\x7f\x00\x00\xff\x80\x00\x00\
\xff\x7d\x02\x00\xff\x85\x00\x00\xff\xea\x23\x02\xff\xff\xb1\x00\
\xff\xdb\xdf\x1d\xff\x39\xff\xbc\xff\x39\xff\xbe\xff\x32\xff\xc3\
\xff\x1b\xe5\xdd\xff\x21\xed\xd9\xff\x6e\xf8\x89\xff\xdf\x9d\x1d\
\xff\xff\x60\x00\xff\xff\x48\x03\xff\xff\x90\x00\xff\x78\xff\x7d\
\xff\x30\xff\xc8\xff\xca\xe1\x36\xff\xff\x61\x00\xff\xfa\x54\x00\
\xff\x8d\xff\x69\xff\xb2\xd9\x48\xff\xff\x93\x00\xff\xf2\xc9\x0c\
\xff\x89\xe7\x76\xff\x73\xf3\x85\xff\xfb\xb5\x01\xff\x9b\xf9\x5b\
\xff\x34\xf5\xc2\xff\x03\xc9\xf8\xff\x58\xe8\xa2\xff\xdd\xac\x10\
\xff\xb7\x00\x00\xff\x84\x00\x00\xff\xa0\x00\x00\xff\xd5\x01\x00\
\xff\x96\x00\x00\xff\x7c\x00\x00\xff\x80\x00\x00\xff\x7c\x00\x00\
\xff\x7d\x00\x00\xff\x7f\x00\x00\xff\x7f\x00\x00\xff\x7f\x00\x00\
\xff\x7f\x00\x00\xff\x7f\x00\x00\xff\x7f\x00\x00\xff\x7e\x00\x00\
\xff\x84\x00\x00\xff\x8b\x00\x00\xff\x83\x00\x00\xff\x7e\x00\x00\
\xff\x7f\x00\x00\xff\x7f\x00\x00\xff\x7f\x00\x00\xff\x7f\x00\x00\
\xff\x7f\x00\x00\xff\x7f\x00\x00\xff\x7f\x00\x00\xff\x7f\x00\x00\
\xff\x7f\x00\x00\xff\x7f\x00\x00\xff\x7f\x00\x00\xff\x80\x00\x00\
\xff\x7c\x00\x00\xff\x9b\x01\x00\xff\xef\x35\x00\xff\xfd\x7c\x04\
\xff\xaa\xdc\x4f\xff\x20\xe0\xd9\xff\x0c\xd1\xf2\xff\x10\xf7\xe7\
\xff\x1d\xf2\xda\xff\x22\xff\xd5\xff\xd9\x92\x23\xff\xfb\x66\x02\
\xff\xcb\xeb\x31\xff\xe8\x65\x00\xff\xf3\x40\x00\xff\xf4\xad\x14\
\xff\xd4\x62\x1a\xff\xe5\x42\x00\xff\xfc\x45\x01\xff\xff\x51\x00\
\xff\xd2\xc3\x29\xff\xdd\xd0\x1c\xff\xb3\xe5\x47\xff\x13\xaa\xe4\
\xff\x48\xc7\xac\xff\x70\xff\x86\xff\xe0\xa4\x1b\xff\xcc\xa0\x34\
\xff\xac\xe9\x49\xff\xcf\xae\x24\xff\xf6\x97\x08\xff\xfc\x4b\x00\
\xff\xd4\x91\x10\xff\xe4\x80\x09\xff\xe3\x09\x00\xff\xcb\x02\x00\
\xff\xf2\x12\x00\xff\xb7\x02\x00\xff\x79\x00\x00\xff\x8e\x00\x00\
\xff\x8a\x00\x00\xff\x7f\x00\x00\xff\x7f\x00\x00\xff\x7f\x00\x00\
\xff\x7f\x00\x00\xff\x7f\x00\x00\xff\x7f\x00\x00\xff\x7d\x00\x00\
\xff\x8d\x00\x00\xff\xa7\x00\x00\xff\x8a\x00\x00\xff\x7d\x00\x00\
\xff\x7f\x00\x00\xff\x7f\x00\x00\xff\x7f\x00\x00\xff\x7f\x00\x00\
\xff\x7f\x00\x00\xff\x7f\x00\x00\xff\x7f\x00\x00\xff\x7f\x00\x00\
\xff\x7f\x00\x00\xff\x7f\x00\x00\xff\x7f\x00\x00\xff\x80\x01\x00\
\xff\x78\x00\x01\xff\xe2\x13\x00\xff\xfd\xc5\x07\xff\x89\xff\x6b\
\xff\x06\xce\xf6\xff\x00\x77\xff\xff\x00\x70\xff\xff\x15\xdb\xe4\
\xff\xa8\xf6\x4e\xff\xce\xda\x29\xff\xff\xc7\x01\xff\xe3\xe3\x1c\
\xff\xd7\xb3\x26\xff\xde\x00\x00\xff\xe8\x04\x01\xff\xd0\x0c\x00\
\xff\x8f\x00\x00\xff\x8e\x00\x01\xff\xff\x7f\x01\xff\xff\x80\x00\
\xff\xf9\x4c\x04\xff\xff\x6c\x00\xff\xbd\xcd\x3e\xff\x36\xd2\xb8\
\xff\x07\xb7\xec\xff\x54\xf4\xaa\xff\xe6\x5a\x03\xff\xd6\x00\x00\
\xff\xff\x3e\x00\xff\xfb\x3f\x00\xff\xff\x6b\x00\xff\xf3\xb3\x0c\
\xff\xa2\xff\x58\xff\xeb\xdf\x17\xff\xf1\x27\x00\xff\xa0\x00\x01\
\xff\xff\x24\x00\xff\xcd\x0a\x00\xff\x80\x00\x00\xff\xd7\x01\x00\
\xff\xbe\x00\x00\xff\x7c\x00\x00\xff\x80\x00\x00\xff\x7f\x00\x00\
\xff\x7f\x00\x00\xff\x7f\x00\x00\xff\x7f\x00\x00\xff\x7e\x00\x00\
\xff\x83\x00\x00\xff\x89\x00\x00\xff\x83\x00\x00\xff\x7e\x00\x00\
\xff\x7f\x00\x00\xff\x7f\x00\x00\xff\x7f\x00\x00\xff\x7f\x00\x00\
\xff\x7f\x00\x00\xff\x7f\x00\x00\xff\x7f\x00\x00\xff\x7f\x00\x00\
\xff\x7f\x00\x00\xff\x7f\x00\x00\xff\x7f\x00\x00\xff\x80\x01\x00\
\xff\x7a\x00\x00\xff\xc4\x04\x00\xff\xf9\xa6\x05\xff\x51\xff\xa2\
\xff\x00\xc6\xff\xff\x03\x9c\xfc\xff\x01\x54\xfe\xff\x00\x99\xfe\
\xff\x8e\xff\x6a\xff\xfa\xe8\x01\xff\xea\x78\x00\xff\xe6\x4c\x00\
\xff\xfe\xb8\x01\xff\xf5\x82\x0a\xff\xff\x29\x00\xff\x99\x00\x01\
\xff\x70\x03\x01\xff\x8f\x03\x01\xff\xd5\x05\x00\xff\xf1\x6c\x07\
\xff\xb9\xfa\x44\xff\xbc\xb1\x3f\xff\xca\xa9\x30\xff\xb3\xff\x44\
\xff\xa2\xff\x54\xff\xee\xbd\x0e\xff\xfb\x4c\x00\xff\xe4\x0a\x01\
\xff\xf1\x30\x00\xff\xff\xb3\x01\xff\xff\x9a\x00\xff\xfb\xa3\x04\
\xff\xf4\x90\x0a\xff\xe3\xd8\x19\xff\xf1\x78\x0b\xff\xb0\x00\x00\
\xff\xdc\x04\x01\xff\xfe\x36\x00\xff\xe7\x10\x00\xff\xa9\x00\x00\
\xff\xa1\x01\x00\xff\x7e\x00\x00\xff\x7f\x00\x00\xff\x7f\x00\x00\
\xff\x7f\x00\x00\xff\x7f\x00\x00\xff\x7f\x00\x00\xff\x7f\x00\x00\
\xff\x7e\x00\x00\xff\x7d\x00\x00\xff\x7e\x00\x00\xff\x7f\x00\x00\
\xff\x7f\x00\x00\xff\x7f\x00\x00\xff\x7f\x00\x00\xff\x7f\x00\x00\
\xff\x7f\x00\x00\xff\x7f\x00\x00\xff\x7f\x00\x00\xff\x7f\x00\x00\
\xff\x7f\x00\x00\xff\x7f\x00\x00\xff\x7f\x00\x00\xff\x81\x00\x00\
\xff\x76\x02\x02\xff\x8b\x00\x00\xff\xcc\x90\x2c\xff\x35\xff\xc7\
\xff\x19\xf4\xe3\xff\x00\x9a\xff\xff\x00\x4b\xff\xff\x07\xa2\xf7\
\xff\x08\x9e\xee\xff\x65\xd5\x97\xff\xe5\x74\x02\xff\xe9\x00\x00\
\xff\xf6\x8c\x09\xff\xf9\xb2\x0a\xff\xd9\x16\x00\xff\x86\x00\x00\
\xff\x81\x02\x00\xff\x7f\x02\x01\xff\x7b\x00\x00\xff\xcc\x28\x10\
\xff\xe4\x6b\x0b\xff\x9d\xd5\x5a\xff\x1e\xff\xdd\xff\xca\xf3\x2e\
\xff\xab\xff\x4a\xff\xce\xc8\x2c\xff\xff\x45\x00\xff\xfe\x53\x02\
\xff\xec\xca\x10\xff\xeb\xe0\x0f\xff\xee\xee\x0d\xff\xfb\xca\x03\
\xff\xf2\xba\x0b\xff\x8c\xff\x6a\xff\xd7\xc8\x20\xff\xff\x2c\x00\
\xff\xc5\x00\x00\xff\xeb\x23\x00\xff\xf6\x2d\x00\xff\xad\x00\x00\
\xff\x83\x00\x00\xff\x7e\x00\x00\xff\x7f\x00\x00\xff\x7f\x00\x00\
\xff\x7f\x00\x00\xff\x7f\x00\x00\xff\x7f\x00\x00\xff\x7f\x00\x00\
\xff\x7f\x00\x00\xff\x7f\x00\x00\xff\x7f\x00\x00\xff\x7f\x00\x00\
\xff\x7f\x00\x00\xff\x7f\x00\x00\xff\x7f\x00\x00\xff\x7f\x00\x00\
\xff\x7f\x00\x00\xff\x7f\x00\x00\xff\x7f\x00\x00\xff\x7f\x00\x00\
\xff\x7f\x00\x00\xff\x7f\x00\x00\xff\x80\x00\x00\xff\x7b\x02\x01\
\xff\x8b\x00\x01\xff\xce\x29\x00\xff\x79\xb6\x81\xff\x00\x56\xf9\
\xff\x0c\x96\xef\xff\x01\x33\xe9\xff\x00\x4a\xf5\xff\x00\x93\xff\
\xff\x00\x16\xec\xff\x00\x8d\xff\xff\x78\xff\x84\xff\xff\x83\x00\
\xff\xd0\x00\x01\xff\xbc\x07\x00\xff\xa0\x01\x00\xff\x77\x03\x00\
\xff\x7b\x00\x00\xff\x79\x00\x00\xff\x7a\x05\x01\xff\x8f\x00\x00\
\xff\xc0\x00\x00\xff\xf5\x39\x00\xff\xd9\x8d\x1b\xff\xfb\x4a\x00\
\xff\xdd\xc1\x1d\xff\xd2\xe1\x2b\xff\xf5\x3c\x00\xff\xea\x20\x00\
\xff\xe3\xde\x1a\xff\xad\xfd\x48\xff\xea\xb1\x12\xff\xff\x9d\x00\
\xff\xca\xd3\x30\xff\x4e\xff\xa7\xff\x78\xf6\x7e\xff\xb9\xf6\x41\
\xff\xf3\x7f\x0a\xff\xb0\x00\x00\xff\xb4\x00\x00\xff\xe1\x00\x00\
\xff\x8c\x00\x00\xff\x7c\x00\x00\xff\x80\x00\x00\xff\x7f\x00\x00\
\xff\x7f\x00\x00\xff\x7f\x00\x00\xff\x7f\x00\x00\xff\x7f\x00\x00\
\xff\x7f\x00\x00\xff\x7f\x00\x00\xff\x7f\x00\x00\xff\x7f\x00\x00\
\xff\x7f\x00\x00\xff\x7f\x00\x00\xff\x80\x00\x00\xff\x80\x00\x00\
\xff\x7f\x00\x00\xff\x7f\x00\x00\xff\x7f\x00\x00\xff\x7f\x00\x00\
\xff\x7f\x00\x00\xff\x7f\x00\x00\xff\x7d\x02\x00\xff\x83\x00\x01\
\xff\xe9\x3c\x00\xff\x8c\xda\x79\xff\x08\xa7\xf7\xff\x00\x04\xb2\
\xff\x00\x00\xb3\xff\x00\x00\xb2\xff\x00\x10\xc7\xff\x00\x3a\xfe\
\xff\x02\x45\xff\xff\x00\x48\xff\xff\x03\xc9\xf7\xff\xc3\xea\x37\
\xff\xfc\x1c\x00\xff\x87\x00\x03\xff\x74\x00\x02\xff\x8c\x00\x02\
\xff\xd3\x23\x03\xff\xe2\x4b\x01\xff\xab\x00\x00\xff\xbf\x06\x03\
\xff\xff\x81\x05\xff\xf7\x1a\x00\xff\xf2\x00\x00\xff\xf7\x2e\x00\
\xff\xe0\xa3\x1d\xff\xcc\xed\x2d\xff\xff\x4f\x00\xff\xea\x3c\x03\
\xff\xc7\xe9\x34\xff\xd8\xf0\x20\xff\xda\xc2\x21\xff\xf0\xb1\x0b\
\xff\xc5\xce\x34\xff\x49\xff\xae\xff\x21\xfa\xd7\xff\x5d\xff\x98\
\xff\xda\xc4\x1f\xff\xd5\x29\x00\xff\xe3\x5d\x0a\xff\xc1\x27\x01\
\xff\x7c\x00\x00\xff\x80\x01\x00\xff\x7f\x00\x00\xff\x7f\x00\x00\
\xff\x7f\x00\x00\xff\x7f\x00\x00\xff\x7f\x00\x00\xff\x7f\x00\x00\
\xff\x7f\x00\x00\xff\x7f\x00\x00\xff\x7f\x00\x00\xff\x7f\x00\x00\
\xff\x7f\x00\x00\xff\x7d\x00\x00\xff\x89\x00\x00\xff\x9b\x00\x00\
\xff\x85\x00\x00\xff\x7e\x00\x00\xff\x7f\x00\x00\xff\x7f\x00\x00\
\xff\x7f\x00\x00\xff\x80\x00\x00\xff\x7b\x02\x01\xff\x8d\x00\x00\
\xff\xe3\x8b\x15\xff\x4b\xff\xaa\xff\x00\x98\xff\xff\x02\x00\xd4\
\xff\x01\x00\xb6\xff\x00\x05\xdb\xff\x00\x07\xe4\xff\x00\x20\xfd\
\xff\x00\x28\xf3\xff\x01\x13\xf0\xff\x00\x58\xff\xff\x2d\xcb\xcb\
\xff\xb9\xc3\x49\xff\xde\x2b\x00\xff\xd7\x2a\x00\xff\xe6\x36\x00\
\xff\xff\x64\x00\xff\xff\xc5\x00\xff\xf1\x59\x00\xff\xf9\x77\x00\
\xff\xff\xb7\x00\xff\xfe\x31\x00\xff\xfe\x46\x00\xff\xee\xb5\x0f\
\xff\xb7\xff\x3d\xff\xe3\xb3\x18\xff\xef\x84\x0e\xff\xbc\xe3\x3b\
\xff\x94\xff\x60\xff\xaa\xfa\x4c\xff\x38\xf6\xc2\xff\x2c\xd3\xcd\
\xff\x45\xfc\xb1\xff\x59\xff\x9d\xff\x8d\xf1\x6b\xff\xec\xe0\x11\
\xff\xed\x55\x02\xff\xc2\x29\x00\xff\xfe\xab\x18\xff\xc2\x3c\x02\
\xff\x75\x00\x00\xff\x81\x02\x00\xff\x7f\x00\x00\xff\x7f\x00\x00\
\xff\x7f\x00\x00\xff\x7f\x00\x00\xff\x7f\x00\x00\xff\x7f\x00\x00\
\xff\x7f\x00\x00\xff\x7f\x00\x00\xff\x7f\x00\x00\xff\x7f\x00\x00\
\xff\x7f\x00\x00\xff\x7e\x00\x00\xff\x86\x00\x00\xff\x95\x00\x00\
\xff\x85\x00\x00\xff\x7e\x00\x00\xff\x7f\x00\x00\xff\x7f\x00\x00\
\xff\x7f\x00\x00\xff\x80\x01\x00\xff\x79\x00\x01\xff\xb4\x05\x00\
\xff\xe9\xb3\x10\xff\x62\xff\x93\xff\x00\x9c\xff\xff\x00\x43\xf1\
\xff\x00\x33\xe1\xff\x00\x0b\xe6\xff\x00\x0c\xf0\xff\x00\x04\xc8\
\xff\x00\x00\xa7\xff\x00\x0b\xeb\xff\x02\x2e\xff\xff\x00\x35\xff\
\xff\x05\xa1\xf6\xff\xaa\xf2\x52\xff\x8e\xc1\x75\xff\x49\xbb\xb9\
\xff\xbf\xd5\x3b\xff\xeb\xd8\x0f\xff\xff\xde\x00\xff\xcf\xf8\x2a\
\xff\xdc\xb9\x1d\xff\xe5\xc0\x14\xff\xb7\xd8\x42\xff\xf4\xd8\x07\
\xff\xfa\xca\x00\xff\xc2\xed\x35\xff\x77\xff\x7f\xff\xda\xb4\x21\
\xff\xe3\xcd\x17\xff\x6d\xff\x88\xff\x2e\xe0\xcc\xff\x00\xb6\xff\
\xff\x2b\xf3\xce\xff\x8f\xff\x66\xff\xe0\xda\x18\xff\xb5\xff\x46\
\xff\xf2\x8b\x08\xff\x97\x03\x00\xff\x9e\x12\x00\xff\x8f\x0a\x00\
\xff\x7d\x00\x00\xff\x7f\x00\x00\xff\x7f\x00\x00\xff\x7f\x00\x00\
\xff\x7f\x00\x00\xff\x7f\x00\x00\xff\x7f\x00\x00\xff\x7f\x00\x00\
\xff\x7f\x00\x00\xff\x7f\x00\x00\xff\x7f\x00\x00\xff\x7f\x00\x00\
\xff\x7f\x00\x00\xff\x7f\x00\x00\xff\x7f\x00\x00\xff\x7d\x00\x00\
\xff\x7f\x00\x00\xff\x7f\x00\x00\xff\x7f\x00\x00\xff\x7f\x00\x00\
\xff\x7f\x00\x00\xff\x80\x01\x00\xff\x77\x00\x02\xff\xc5\x07\x00\
\xff\xcd\xc0\x2f\xff\x24\xf2\xd5\xff\x23\xd3\xd8\xff\x3d\xff\xbc\
\xff\x19\xa6\xec\xff\x00\x04\xc6\xff\x01\x00\xbd\xff\x00\x02\xce\
\xff\x00\x12\xdb\xff\x00\x15\xfc\xff\x00\x45\xff\xff\x03\x7f\xfc\
\xff\x00\x9d\xff\xff\x0c\xde\xf4\xff\x00\x4d\xe9\xff\x00\x09\xe7\
\xff\x00\x9c\xff\xff\x60\xff\x98\xff\xb1\xfe\x44\xff\x54\xf7\xa3\
\xff\x16\xd8\xe5\xff\x81\xff\x75\xff\xc4\xff\x30\xff\x92\xdc\x67\
\xff\x4e\xf2\xa8\xff\x94\xff\x61\xff\xc6\xdd\x32\xff\xf2\xb6\x0b\
\xff\x8e\xff\x67\xff\x91\xfc\x64\xff\x58\xff\x9d\xff\x6b\xff\x8a\
\xff\x94\xfa\x62\xff\x5b\xf8\x9b\xff\xb3\xff\x45\xff\xd7\xb6\x1d\
\xff\xd9\x2e\x00\xff\x85\x00\x00\xff\x75\x00\x01\xff\x7d\x00\x00\
\xff\x7f\x00\x00\xff\x7f\x00\x00\xff\x7f\x00\x00\xff\x7f\x00\x00\
\xff\x7f\x00\x00\xff\x7f\x00\x00\xff\x7f\x00\x00\xff\x7f\x00\x00\
\xff\x7f\x00\x00\xff\x7f\x00\x00\xff\x7f\x00\x00\xff\x7f\x00\x00\
\xff\x7f\x00\x00\xff\x7f\x00\x00\xff\x7f\x00\x00\xff\x7f\x00\x00\
\xff\x7f\x00\x00\xff\x7f\x00\x00\xff\x7f\x00\x00\xff\x7f\x00\x00\
\xff\x7f\x00\x00\xff\x80\x00\x00\xff\x7a\x03\x02\xff\x95\x00\x00\
\xff\xd5\x6a\x24\xff\x20\xe0\xe0\xff\x5e\xfb\x99\xff\x85\xfd\x73\
\xff\x06\x5d\xee\xff\x00\x04\xd5\xff\x00\x23\xea\xff\x00\x28\xff\
\xff\x00\x2e\xff\xff\x00\x34\xff\xff\x00\x6b\xff\xff\x00\x80\xff\
\xff\x01\x6b\xfd\xff\x00\x54\xff\xff\x01\x1b\xf3\xff\x04\x00\xda\
\xff\x03\x22\xf1\xff\x00\x86\xff\xff\x2b\xe5\xcf\xff\x5c\xfd\x9b\
\xff\x00\x8b\xff\xff\x25\xbe\xd8\xff\x83\xff\x73\xff\x3e\xff\xb7\
\xff\x68\xe0\x90\xff\xb0\xe3\x4a\xff\xd2\xf7\x25\xff\x8f\xfe\x67\
\xff\xa4\xe4\x55\xff\xe9\xc6\x11\xff\x38\xca\xc1\xff\x3f\xf0\xba\
\xff\x77\xff\x7e\xff\x02\xdc\xf7\xff\x62\xea\x9e\xff\xdf\x3e\x00\
\xff\x78\x00\x00\xff\xcd\x0b\x00\xff\xc8\x07\x00\xff\x7d\x00\x00\
\xff\x7f\x00\x00\xff\x7f\x00\x00\xff\x7f\x00\x00\xff\x7f\x00\x00\
\xff\x7f\x00\x00\xff\x7f\x00\x00\xff\x7f\x00\x00\xff\x7f\x00\x00\
\xff\x7f\x00\x00\xff\x7f\x00\x00\xff\x7f\x00\x00\xff\x7f\x00\x00\
\xff\x7f\x00\x00\xff\x7f\x00\x00\xff\x7f\x00\x00\xff\x7f\x00\x00\
\xff\x7f\x00\x00\xff\x7f\x00\x00\xff\x7f\x00\x00\xff\x7f\x00\x00\
\xff\x7f\x00\x00\xff\x7f\x00\x00\xff\x7f\x01\x00\xff\x7c\x00\x01\
\xff\xbb\x0f\x00\xff\xd0\x66\x1f\xff\xb5\xd8\x43\xff\x13\xb1\xe9\
\xff\x00\x19\xff\xff\x03\x49\xfa\xff\x02\x8c\xff\xff\x00\x5a\xfe\
\xff\x00\x42\xfd\xff\x00\x67\xff\xff\x00\x6f\xff\xff\x00\x3b\xfe\
\xff\x00\x48\xfe\xff\x01\x5f\xff\xff\x02\x18\xf1\xff\x00\x11\xed\
\xff\x00\x69\xfc\xff\x00\x2a\xff\xff\x1c\x9d\xdf\xff\x6d\xff\x88\
\xff\x4c\xe5\xab\xff\x00\xbe\xff\xff\x55\xe4\xa5\xff\xf0\xa6\x0a\
\xff\xff\x8c\x00\xff\xfd\xc8\x00\xff\x8b\xf0\x6c\xff\x41\xf7\xb6\
\xff\xe8\xc2\x13\xff\xbb\xd4\x40\xff\x00\x6b\xff\xff\x00\x47\xff\
\xff\x26\xf5\xd3\xff\x5c\xfe\x99\xff\x75\xfa\x85\xff\xf3\x54\x00\
\xff\xd4\x05\x00\xff\xff\x78\x02\xff\xff\x5e\x00\xff\xa1\x00\x00\
\xff\x7b\x01\x00\xff\x80\x00\x00\xff\x7f\x00\x00\xff\x7f\x00\x00\
\xff\x7f\x00\x00\xff\x7f\x00\x00\xff\x7f\x00\x00\xff\x7f\x00\x00\
\xff\x7f\x00\x00\xff\x7f\x00\x00\xff\x7f\x00\x00\xff\x7f\x00\x00\
\xff\x7f\x00\x00\xff\x7f\x00\x00\xff\x7f\x00\x00\xff\x7f\x00\x00\
\xff\x7f\x00\x00\xff\x7f\x00\x00\xff\x7f\x00\x00\xff\x7f\x00\x00\
\xff\x7f\x00\x00\xff\x7f\x00\x00\xff\x7f\x00\x00\xff\x7f\x02\x00\
\xff\x74\x00\x04\xff\xbb\x00\x00\xff\xb7\xbf\x45\xff\x4a\xf5\xb2\
\xff\x4b\xc6\xb6\xff\x00\xa0\xff\xff\x00\x85\xff\xff\x00\x7e\xff\
\xff\x01\x75\xfe\xff\x02\x89\xfd\xff\x03\x39\xfc\xff\x00\x25\xff\
\xff\x00\x9e\xff\xff\x02\xb2\xfd\xff\x00\x33\xff\xff\x11\x7d\xe8\
\xff\x33\xff\xc9\xff\x17\xa9\xe5\xff\x00\xab\xff\xff\x00\xc4\xff\
\xff\x62\xff\x92\xff\x39\xff\xbb\xff\x99\xfb\x5b\xff\xbc\xe9\x3b\
\xff\x78\xff\x7f\xff\x6f\xf9\x88\xff\xa2\xfe\x53\xff\x80\xfd\x79\
\xff\xf1\x90\x0e\xff\xff\x53\x00\xff\x5f\xb6\x9b\xff\x00\x2a\xf9\
\xff\x00\x7b\xff\xff\x88\xf7\x72\xff\xec\xdf\x0c\xff\xc3\xd0\x3a\
\xff\xd8\xda\x2a\xff\xf4\xb9\x06\xff\xff\x53\x00\xff\xb2\x00\x00\
\xff\x73\x00\x00\xff\x81\x00\x00\xff\x7f\x00\x00\xff\x7f\x00\x00\
\xff\x7f\x00\x00\xff\x7f\x00\x00\xff\x7f\x00\x00\xff\x7f\x00\x00\
\xff\x7f\x00\x00\xff\x7f\x00\x00\xff\x7f\x00\x00\xff\x7f\x00\x00\
\xff\x7f\x00\x00\xff\x7f\x00\x00\xff\x7f\x00\x00\xff\x7f\x00\x00\
\xff\x7f\x00\x00\xff\x7f\x00\x00\xff\x7f\x00\x00\xff\x7f\x00\x00\
\xff\x7f\x00\x00\xff\x7f\x00\x00\xff\x7f\x00\x00\xff\x80\x01\x00\
\xff\x7a\x00\x00\xff\xcb\x17\x00\xff\xef\x89\x14\xff\xf2\x4b\x00\
\xff\xf4\x4a\x00\xff\xad\xbf\x53\xff\x44\xde\xb8\xff\x07\xb4\xf7\
\xff\x00\x7d\xff\xff\x00\x99\xff\xff\x00\x79\xff\xff\x00\x94\xff\
\xff\x1b\xe2\xde\xff\x09\xf3\xee\xff\x13\xd6\xe9\xff\x31\xff\xc5\
\xff\xa8\xfa\x4c\xff\xd7\xca\x21\xff\x96\xe0\x66\xff\x59\xf1\xa0\
\xff\xbd\xd2\x43\xff\xcc\xde\x35\xff\xd4\xeb\x2d\xff\xbd\xd7\x41\
\xff\xdc\x90\x1a\xff\x89\xdb\x7a\xff\xae\xd1\x4f\xff\xff\x30\x00\
\xff\xd6\xb1\x24\xff\xdc\x62\x1f\xff\xfd\x56\x00\xff\x42\xcf\xb9\
\xff\x00\x99\xff\xff\x79\xff\x7f\xff\x96\xff\x5f\xff\x31\xff\xc4\
\xff\x5d\xff\x97\xff\xf6\xa1\x08\xff\xed\x14\x00\xff\xc9\x00\x01\
\xff\xae\x05\x00\xff\x7e\x00\x00\xff\x7f\x00\x00\xff\x7f\x00\x00\
\xff\x7f\x00\x00\xff\x7f\x00\x00\xff\x7f\x00\x00\xff\x7f\x00\x00\
\xff\x7f\x00\x00\xff\x7f\x00\x00\xff\x7f\x00\x00\xff\x7f\x00\x00\
\xff\x7f\x00\x00\xff\x7f\x00\x00\xff\x7f\x00\x00\xff\x7f\x00\x00\
\xff\x7f\x00\x00\xff\x7f\x00\x00\xff\x7f\x00\x00\xff\x7f\x00\x00\
\xff\x7f\x00\x00\xff\x7f\x00\x00\xff\x7f\x00\x00\xff\x7f\x00\x00\
\xff\x7e\x00\x00\xff\x9e\x02\x01\xff\xc2\x00\x00\xff\xed\x09\x00\
\xff\xee\x13\x01\xff\xd4\x00\x00\xff\xd5\x8d\x16\xff\x5b\xff\x9c\
\xff\x5d\xf7\x98\xff\x45\xf0\xb3\xff\x4c\xee\xae\xff\x6d\xff\x89\
\xff\x29\xff\xcc\xff\x34\xff\xc1\xff\xb7\xfe\x3e\xff\xc7\xff\x30\
\xff\xed\x8d\x15\xff\xef\x00\x00\xff\xfe\x4e\x00\xff\xf5\x84\x00\
\xff\xe0\x1b\x00\xff\xcc\x21\x00\xff\xca\x34\x00\xff\xc4\x07\x00\
\xff\xa2\x00\x00\xff\xc8\x1d\x00\xff\xcf\x23\x03\xff\xf7\x05\x00\
\xff\x86\xea\x6f\xff\x40\xff\xb5\xff\xfd\x9c\x00\xff\x97\xd4\x63\
\xff\x00\xba\xff\xff\x74\xff\x82\xff\x78\xfe\x7e\xff\x44\xff\xb1\
\xff\x02\xde\xf8\xff\x99\xe0\x60\xff\xff\x5d\x00\xff\xff\x44\x02\
\xff\xed\x20\x00\xff\x7c\x00\x00\xff\x7f\x01\x00\xff\x7f\x00\x00\
\xff\x7f\x00\x00\xff\x7f\x00\x00\xff\x7f\x00\x00\xff\x7f\x00\x00\
\xff\x7f\x00\x00\xff\x7f\x00\x00\xff\x7f\x00\x00\xff\x7f\x00\x00\
\xff\x7f\x00\x00\xff\x7f\x00\x00\xff\x7f\x00\x00\xff\x7f\x00\x00\
\xff\x7f\x00\x00\xff\x7f\x00\x00\xff\x7f\x00\x00\xff\x7f\x00\x00\
\xff\x7f\x00\x00\xff\x7f\x00\x00\xff\x7f\x00\x00\xff\x7f\x00\x00\
\xff\x80\x00\x00\xff\x7e\x00\x00\xff\xa3\x00\x01\xff\xfb\x3c\x01\
\xff\xe9\x23\x01\xff\xc1\x00\x03\xff\xf6\x3e\x00\xff\xdb\xcd\x29\
\xff\xaf\xff\x46\xff\xc3\xf5\x34\xff\xff\xaf\x00\xff\xd3\xe4\x27\
\xff\x3d\xfd\xbb\xff\xb8\xd0\x43\xff\xff\x6a\x00\xff\xf4\x54\x02\
\xff\xc1\x13\x00\xff\x98\x00\x02\xff\x91\x00\x02\xff\x96\x00\x00\
\xff\x7f\x00\x01\xff\x73\x00\x02\xff\x76\x00\x00\xff\x76\x00\x01\
\xff\x7b\x01\x02\xff\x6f\x00\x01\xff\x93\x00\x00\xff\xff\x51\x00\
\xff\xec\xd4\x0f\xff\x73\xff\x82\xff\xbc\xd9\x3d\xff\xe3\x8d\x1a\
\xff\x9a\xf8\x5d\xff\xe7\xe8\x10\xff\x95\xfa\x61\xff\x24\xff\xd2\
\xff\x0d\xe0\xed\xff\x8d\xf8\x6a\xff\xff\x87\x00\xff\xed\x1f\x01\
\xff\xbc\x06\x00\xff\x7e\x00\x00\xff\x7f\x00\x00\xff\x7f\x00\x00\
\xff\x7f\x00\x00\xff\x7f\x00\x00\xff\x7f\x00\x00\xff\x7f\x00\x00\
\xff\x7f\x00\x00\xff\x7f\x00\x00\xff\x7f\x00\x00\xff\x7f\x00\x00\
\xff\x7f\x00\x00\xff\x7f\x00\x00\xff\x7f\x00\x00\xff\x7f\x00\x00\
\xff\x7f\x00\x00\xff\x7f\x00\x00\xff\x7f\x00\x00\xff\x7f\x00\x00\
\xff\x7f\x00\x00\xff\x7f\x00\x00\xff\x7f\x00\x00\xff\x80\x00\x00\
\xff\x7a\x00\x00\xff\xc6\x03\x00\xff\xf7\x0c\x00\xff\xaf\x01\x00\
\xff\x89\x00\x00\xff\xd4\x07\x00\xff\xe6\x0d\x01\xff\xd3\x15\x00\
\xff\xd4\x94\x23\xff\xcf\xef\x2f\xff\xff\x8c\x00\xff\xf1\xb3\x0b\
\xff\xeb\xdc\x10\xff\xfc\x5e\x00\xff\xd2\x00\x01\xff\xee\x00\x00\
\xff\x9d\x00\x00\xff\x77\x01\x00\xff\x7b\x02\x00\xff\x7a\x03\x00\
\xff\x7f\x01\x00\xff\x81\x01\x00\xff\x81\x02\x00\xff\x81\x01\x00\
\xff\x80\x00\x00\xff\x80\x02\x00\xff\x85\x00\x01\xff\xde\x19\x00\
\xff\xfc\xa1\x08\xff\xe4\xb4\x16\xff\xff\x5c\x02\xff\xff\x5a\x00\
\xff\xff\xae\x00\xff\xef\xaa\x0d\xff\x5f\xff\x95\xff\x8c\xe5\x69\
\xff\xd2\xaa\x25\xff\xf1\x5b\x05\xff\xbd\x00\x00\xff\x8f\x00\x00\
\xff\x7b\x00\x00\xff\x80\x00\x00\xff\x7f\x00\x00\xff\x7f\x00\x00\
\xff\x7f\x00\x00\xff\x7f\x00\x00\xff\x7f\x00\x00\xff\x7f\x00\x00\
\xff\x7f\x00\x00\xff\x7f\x00\x00\xff\x7f\x00\x00\xff\x7f\x00\x00\
\xff\x7f\x00\x00\xff\x7f\x00\x00\xff\x7f\x00\x00\xff\x7f\x00\x00\
\xff\x7f\x00\x00\xff\x7f\x00\x00\xff\x7f\x00\x00\xff\x7f\x00\x00\
\xff\x7f\x00\x00\xff\x7f\x00\x00\xff\x7f\x00\x00\xff\x80\x00\x00\
\xff\x7c\x00\x00\xff\xac\x01\x00\xff\xc3\x02\x00\xff\x85\x00\x00\
\xff\x7a\x01\x00\xff\x87\x00\x00\xff\x88\x00\x00\xff\xd4\x0a\x01\
\xff\xff\x46\x00\xff\xe4\x2c\x00\xff\xf5\x31\x01\xff\xff\x9d\x00\
\xff\xff\xb8\x00\xff\xf8\x64\x01\xff\xad\x02\x00\xff\xfe\x14\x00\
\xff\xc1\x04\x00\xff\x77\x00\x00\xff\x82\x00\x00\xff\x80\x00\x00\
\xff\x7f\x00\x00\xff\x7f\x00\x00\xff\x7f\x00\x00\xff\x7f\x00\x00\
\xff\x7f\x00\x00\xff\x81\x00\x00\xff\x75\x00\x00\xff\xaf\x00\x00\
\xff\xf5\x3f\x04\xff\xfd\x2f\x03\xff\xe4\x0b\x00\xff\xdb\x2c\x03\
\xff\xf5\x2c\x00\xff\xee\x96\x0f\xff\xd0\xe2\x32\xff\xe5\x32\x00\
\xff\x91\x00\x00\xff\xc6\x00\x00\xff\xae\x00\x00\xff\x7a\x01\x00\
\xff\x80\x00\x00\xff\x7f\x00\x00\xff\x7f\x00\x00\xff\x7f\x00\x00\
\xff\x7f\x00\x00\xff\x7f\x00\x00\xff\x7f\x00\x00\xff\x7f\x00\x00\
\xff\x7f\x00\x00\xff\x7f\x00\x00\xff\x7f\x00\x00\xff\x7f\x00\x00\
\xff\x7f\x00\x00\xff\x7f\x00\x00\xff\x7f\x00\x00\xff\x7f\x00\x00\
\xff\x7f\x00\x00\xff\x7f\x00\x00\xff\x7f\x00\x00\xff\x7f\x00\x00\
\xff\x7f\x00\x00\xff\x7f\x00\x00\xff\x7f\x00\x00\xff\x7f\x00\x00\
\xff\x7f\x00\x00\xff\x7b\x00\x00\xff\x79\x00\x00\xff\x7f\x00\x00\
\xff\x80\x00\x00\xff\x7c\x01\x00\xff\x81\x00\x00\xff\xdc\x17\x00\
\xff\xfa\x2f\x01\xff\xa0\x00\x00\xff\xc3\x09\x00\xff\xff\x5e\x00\
\xff\xeb\x47\x01\xff\xcc\x17\x00\xff\x9a\x01\x00\xff\xa4\x00\x00\
\xff\x93\x00\x00\xff\x7d\x00\x00\xff\x7f\x00\x00\xff\x80\x00\x00\
\xff\x80\x00\x00\xff\x7f\x00\x00\xff\x7f\x00\x00\xff\x7f\x00\x00\
\xff\x7f\x00\x00\xff\x80\x00\x00\xff\x7e\x00\x00\xff\x8e\x00\x00\
\xff\xdc\x04\x00\xff\xff\x15\x00\xff\xa5\x01\x00\xff\xab\x00\x00\
\xff\xf8\x14\x00\xff\xff\x58\x00\xff\xda\x20\x00\xff\x92\x00\x01\
\xff\x79\x00\x02\xff\xb7\x01\x00\xff\xb5\x01\x00\xff\x7f\x00\x00\
\xff\x7f\x00\x00\xff\x7f\x00\x00\xff\x7f\x00\x00\xff\x7f\x00\x00\
\xff\x7f\x00\x00\xff\x7f\x00\x00\xff\x7f\x00\x00\xff\x7f\x00\x00\
\xff\x7f\x00\x00\xff\x7f\x00\x00\xff\x7f\x00\x00\xff\x7f\x00\x00\
\xff\x7f\x00\x00\xff\x7f\x00\x00\xff\x7f\x00\x00\xff\x7f\x00\x00\
\xff\x7f\x00\x00\xff\x7f\x00\x00\xff\x7f\x00\x00\xff\x7f\x00\x00\
\xff\x7f\x00\x00\xff\x7f\x00\x00\xff\x7f\x00\x00\xff\x7f\x00\x00\
\xff\x7f\x00\x00\xff\x80\x00\x00\xff\x80\x00\x00\xff\x7f\x00\x00\
\xff\x7f\x00\x00\xff\x7f\x00\x00\xff\x80\x00\x00\xff\x84\x00\x00\
\xff\x8b\x00\x00\xff\xb8\x01\x00\xff\xc9\x03\x00\xff\xb4\x00\x00\
\xff\xb2\x00\x00\xff\xe4\x00\x00\xff\xb3\x02\x00\xff\x72\x00\x00\
\xff\x7d\x00\x00\xff\x7f\x00\x00\xff\x7f\x00\x00\xff\x7f\x00\x00\
\xff\x7f\x00\x00\xff\x7f\x00\x00\xff\x7f\x00\x00\xff\x7f\x00\x00\
\xff\x81\x00\x00\xff\x96\x00\x00\xff\x8f\x00\x00\xff\x7a\x00\x00\
\xff\xdb\x09\x00\xff\xe5\x0c\x00\xff\x83\x00\x00\xff\x9d\x01\x00\
\xff\xc2\x03\x00\xff\xb9\x00\x00\xff\x8c\x00\x01\xff\x76\x02\x00\
\xff\x82\x01\x00\xff\x81\x00\x00\xff\x81\x00\x00\xff\x7f\x00\x00\
\xff\x7f\x00\x00\xff\x7f\x00\x00\xff\x7f\x00\x00\xff\x7f\x00\x00\
\xff\x7f\x00\x00\xff\x7f\x00\x00\xff\x80\x00\x00\xff\x80\x00\x00\
\xff\x7f\x00\x00\xff\x7f\x00\x00\xff\x7f\x00\x00\xff\x7f\x00\x00\
\xff\x7f\x00\x00\xff\x7f\x00\x00\xff\x7f\x00\x00\xff\x7f\x00\x00\
\xff\x7f\x00\x00\xff\x7f\x00\x00\xff\x7f\x00\x00\xff\x7f\x00\x00\
\xff\x7f\x00\x00\xff\x7f\x00\x00\xff\x7f\x00\x00\xff\x7f\x00\x00\
\xff\x7f\x00\x00\xff\x7f\x00\x00\xff\x7f\x00\x00\xff\x7f\x00\x00\
\xff\x7f\x00\x00\xff\x7f\x00\x00\xff\x7f\x00\x00\xff\x7d\x00\x00\
\xff\x7f\x01\x00\xff\xb8\x00\x00\xff\xb7\x00\x00\xff\xa6\x00\x00\
\xff\xee\x6b\x01\xff\xff\x74\x02\xff\xb8\x03\x00\xff\x7a\x00\x00\
\xff\x81\x01\x00\xff\x7f\x00\x00\xff\x7f\x00\x00\xff\x7f\x00\x00\
\xff\x7f\x00\x00\xff\x7f\x00\x00\xff\x7f\x00\x00\xff\x7f\x00\x00\
\xff\x81\x00\x00\xff\x94\x00\x00\xff\x8e\x00\x00\xff\x7f\x00\x00\
\xff\x96\x00\x00\xff\x96\x00\x00\xff\x7f\x00\x00\xff\x7c\x00\x00\
\xff\x78\x00\x00\xff\x79\x01\x00\xff\x7e\x02\x00\xff\x81\x00\x00\
\xff\x7f\x00\x00\xff\x7e\x00\x00\xff\x7e\x00\x00\xff\x7f\x00\x00\
\xff\x7f\x00\x00\xff\x7f\x00\x00\xff\x7f\x00\x00\xff\x7f\x00\x00\
\xff\x7f\x00\x00\xff\x7f\x00\x00\xff\x7f\x00\x00\xff\x7f\x00\x00\
\xff\x7f\x00\x00\xff\x7f\x00\x00\xff\x7f\x00\x00\xff\x7f\x00\x00\
\xff\x7f\x00\x00\xff\x7f\x00\x00\xff\x7f\x00\x00\xff\x7f\x00\x00\
\xff\x7f\x00\x00\xff\x7f\x00\x00\xff\x7f\x00\x00\xff\x7f\x00\x00\
\xff\x7f\x00\x00\xff\x7f\x00\x00\xff\x7f\x00\x00\xff\x7f\x00\x00\
\xff\x7f\x00\x00\xff\x7f\x00\x00\xff\x7f\x00\x00\xff\x7f\x00\x00\
\xff\x7f\x00\x00\xff\x7f\x00\x00\xff\x7f\x00\x00\xff\x7f\x00\x00\
\xff\x7f\x00\x00\xff\x83\x00\x00\xff\x87\x01\x00\xff\x98\x00\x00\
\xff\xf2\x62\x05\xff\xfa\x69\x07\xff\x91\x00\x00\xff\x7b\x01\x00\
\xff\x80\x00\x00\xff\x7f\x00\x00\xff\x7f\x00\x00\xff\x7f\x00\x00\
\xff\x7f\x00\x00\xff\x7f\x00\x00\xff\x7f\x00\x00\xff\x7f\x00\x00\
\xff\x7f\x00\x00\xff\x7f\x00\x00\xff\x7f\x00\x00\xff\x7f\x00\x00\
\xff\x7a\x00\x00\xff\x7a\x00\x00\xff\x7f\x00\x00\xff\x80\x00\x00\
\xff\x81\x00\x00\xff\x80\x00\x00\xff\x80\x00\x00\xff\x7f\x00\x00\
\xff\x7f\x00\x00\xff\x7f\x00\x00\xff\x7f\x00\x00\xff\x7f\x00\x00\
\xff\x7f\x00\x00\xff\x7f\x00\x00\xff\x7f\x00\x00\xff\x7f\x00\x00\
\xff\x7f\x00\x00\xff\x7f\x00\x00\xff\x7f\x00\x00\xff\x7f\x00\x00\
\xff\x7e\x00\x00\xff\x7f\x00\x00\xff\x7f\x00\x00\xff\x7f\x00\x00\
\xff\x7f\x00\x00\xff\x7f\x00\x00\xff\x7f\x00\x00\xff\x7f\x00\x00\
\xff\x7f\x00\x00\xff\x7f\x00\x00\xff\x7f\x00\x00\xff\x7f\x00\x00\
\xff\x7f\x00\x00\xff\x7f\x00\x00\xff\x7f\x00\x00\xff\x7f\x00\x00\
\xff\x7f\x00\x00\xff\x7f\x00\x00\xff\x7f\x00\x00\xff\x7f\x00\x00\
\xff\x7f\x00\x00\xff\x7f\x00\x00\xff\x7f\x00\x00\xff\x7f\x00\x00\
\xff\x7f\x00\x00\xff\x7e\x00\x00\xff\x7e\x00\x00\xff\x7c\x01\x00\
\xff\x97\x00\x00\xff\x9f\x00\x00\xff\x82\x02\x00\xff\x7e\x00\x00\
\xff\x7f\x00\x00\xff\x7f\x00\x00\xff\x7f\x00\x00\xff\x7f\x00\x00\
\xff\x7f\x00\x00\xff\x7f\x00\x00\xff\x7f\x00\x00\xff\x7f\x00\x00\
\xff\x7f\x00\x00\xff\x7f\x00\x00\xff\x7f\x00\x00\xff\x7f\x00\x00\
\xff\x80\x00\x00\xff\x83\x00\x00\xff\x84\x00\x00\xff\x80\x00\x00\
\xff\x7f\x00\x00\xff\x7f\x00\x00\xff\x7f\x00\x00\xff\x7f\x00\x00\
\xff\x7f\x00\x00\xff\x7f\x00\x00\xff\x7f\x00\x00\xff\x7f\x00\x00\
\xff\x7f\x00\x00\xff\x7f\x00\x00\xff\x7f\x00\x00\xff\x7f\x00\x00\
\xff\x7f\x00\x00\xff\x7f\x00\x00\xff\x7f\x00\x00\xff\x80\x00\x00\
\xff\x81\x00\x00\xff\x81\x00\x00\xff\x7f\x00\x00\xff\x7f\x00\x00\
\xff\x7f\x00\x00\xff\x7f\x00\x00\xff\x7f\x00\x00\xff\x7f\x00\x00\
\xff\x7f\x00\x00\xff\x7f\x00\x00\xff\x7f\x00\x00\xff\x7f\x00\x00\
\xff\x7f\x00\x00\xff\x7f\x00\x00\xff\x7f\x00\x00\xff\x7f\x00\x00\
\xff\x7f\x00\x00\xff\x7f\x00\x00\xff\x7f\x00\x00\xff\x7f\x00\x00\
\xff\x7f\x00\x00\xff\x7f\x00\x00\xff\x7e\x00\x00\xff\x7d\x00\x00\
\xff\x7e\x00\x00\xff\x7f\x00\x00\xff\x7f\x00\x00\xff\x80\x00\x00\
\xff\x7a\x00\x00\xff\x78\x00\x00\xff\x7e\x00\x00\xff\x7f\x00\x00\
\xff\x7f\x00\x00\xff\x7f\x00\x00\xff\x7f\x00\x00\xff\x7f\x00\x00\
\xff\x7f\x00\x00\xff\x7f\x00\x00\xff\x7f\x00\x00\xff\x81\x00\x00\
\xff\x81\x00\x00\xff\x7f\x00\x00\xff\x7f\x00\x00\xff\x7f\x00\x00\
\xff\x7f\x00\x00\xff\x83\x00\x00\xff\x86\x00\x00\xff\x80\x00\x00\
\xff\x7f\x00\x00\xff\x7f\x00\x00\xff\x7f\x00\x00\xff\x7f\x00\x00\
\xff\x7f\x00\x00\xff\x7f\x00\x00\xff\x7f\x00\x00\xff\x7f\x00\x00\
\xff\x7f\x00\x00\xff\x7f\x00\x00\xff\x7f\x00\x00\xff\x7f\x00\x00\
\xff\x7f\x00\x00\xff\x7f\x00\x00\xff\x7e\x00\x00\xff\x82\x00\x00\
\xff\x99\x00\x00\xff\x90\x00\x00\xff\x7e\x00\x00\xff\x7f\x00\x00\
\xff\x7f\x00\x00\xff\x7f\x00\x00\xff\x7f\x00\x00\xff\x7f\x00\x00\
\xff\x7f\x00\x00\xff\x7f\x00\x00\xff\x7f\x00\x00\xff\x7f\x00\x00\
\xff\x7f\x00\x00\xff\x7f\x00\x00\xff\x7f\x00\x00\xff\x7f\x00\x00\
\xff\x7f\x00\x00\xff\x7f\x00\x00\xff\x7f\x00\x00\xff\x7f\x00\x00\
\xff\x7f\x00\x00\xff\x7e\x00\x00\xff\x84\x00\x00\xff\x88\x00\x00\
\xff\x81\x00\x00\xff\x7e\x00\x00\xff\x7f\x00\x00\xff\x7f\x00\x00\
\xff\x80\x00\x00\xff\x80\x00\x00\xff\x7f\x00\x00\xff\x7f\x00\x00\
\xff\x7f\x00\x00\xff\x7f\x00\x00\xff\x7f\x00\x00\xff\x7f\x00\x00\
\xff\x7f\x00\x00\xff\x80\x00\x00\xff\x81\x00\x00\xff\x86\x00\x00\
\xff\x85\x00\x00\xff\x7f\x00\x00\xff\x7f\x00\x00\xff\x7f\x00\x00\
\xff\x7f\x00\x00\xff\x7e\x00\x00\xff\x7c\x00\x00\xff\x7f\x00\x00\
\xff\x80\x00\x00\xff\x7f\x00\x00\xff\x7f\x00\x00\xff\x7f\x00\x00\
\xff\x7f\x00\x00\xff\x7f\x00\x00\xff\x7f\x00\x00\xff\x7f\x00\x00\
\xff\x7f\x00\x00\xff\x7f\x00\x00\xff\x7f\x00\x00\xff\x7f\x00\x00\
\xff\x7f\x00\x00\xff\x7f\x00\x00\xff\x7f\x00\x00\xff\x81\x00\x00\
\xff\x8f\x00\x00\xff\x8a\x00\x00\xff\x7e\x00\x00\xff\x7f\x00\x00\
\xff\x7f\x00\x00\xff\x7f\x00\x00\xff\x7f\x00\x00\xff\x7f\x00\x00\
\xff\x7f\x00\x00\xff\x7f\x00\x00\xff\x7f\x00\x00\xff\x7f\x00\x00\
\xff\x7f\x00\x00\xff\x7f\x00\x00\xff\x7f\x00\x00\xff\x7f\x00\x00\
\xff\x7f\x00\x00\xff\x7f\x00\x00\xff\x7f\x00\x00\xff\x7f\x00\x00\
\xff\x80\x00\x00\xff\x7c\x00\x00\xff\x96\x00\x00\xff\xb3\x00\x00\
\xff\x87\x00\x00\xff\x7d\x00\x00\xff\x7f\x00\x00\xff\x7f\x00\x00\
\xff\x7f\x00\x00\xff\x7f\x00\x00\xff\x7f\x00\x00\xff\x7f\x00\x00\
\xff\x7f\x00\x00\xff\x7f\x00\x00\xff\x7f\x00\x00\xff\x7f\x00\x00\
\xff\x7f\x00\x00\xff\x86\x00\x00\xff\x86\x00\x00\xff\x80\x00\x00\
\xff\x80\x00\x00\xff\x7f\x00\x00\xff\x7f\x00\x00\xff\x7f\x00\x00\
\xff\x7d\x00\x00\xff\x8c\x00\x00\xff\x97\x00\x00\xff\x84\x00\x00\
\xff\x7f\x00\x00\xff\x7f\x00\x00\xff\x7f\x00\x00\xff\x7f\x00\x00\
\xff\x7f\x00\x00\xff\x7f\x00\x00\xff\x7f\x00\x00\xff\x7f\x00\x00\
\xff\x7f\x00\x00\xff\x7f\x00\x00\xff\x7f\x00\x00\xff\x7f\x00\x00\
\xff\x7f\x00\x00\xff\x7f\x00\x00\xff\x7f\x00\x00\xff\x7f\x00\x00\
\xff\x7d\x00\x00\xff\x7e\x00\x00\xff\x7f\x00\x00\xff\x7f\x00\x00\
\xff\x7f\x00\x00\xff\x7f\x00\x00\xff\x7f\x00\x00\xff\x7f\x00\x00\
\xff\x7f\x00\x00\xff\x7f\x00\x00\xff\x7f\x00\x00\xff\x7f\x00\x00\
\xff\x7f\x00\x00\xff\x7f\x00\x00\xff\x7f\x00\x00\xff\x7f\x00\x00\
\xff\x7f\x00\x00\xff\x7f\x00\x00\xff\x7f\x00\x00\xff\x7f\x00\x00\
\xff\x7f\x00\x00\xff\x7d\x00\x00\xff\x8b\x00\x00\xff\x99\x00\x00\
\xff\x84\x00\x00\xff\x7e\x00\x00\xff\x7f\x00\x00\xff\x7f\x00\x00\
\xff\x7f\x00\x00\xff\x7f\x00\x00\xff\x7f\x00\x00\xff\x7f\x00\x00\
\xff\x7f\x00\x00\xff\x7f\x00\x00\xff\x7f\x00\x00\xff\x7f\x00\x00\
\xff\x7f\x00\x00\xff\x82\x00\x00\xff\x82\x00\x00\xff\x7f\x00\x00\
\xff\x7f\x00\x00\xff\x7f\x00\x00\xff\x7f\x00\x00\xff\x80\x00\x00\
\xff\x7c\x00\x00\xff\x98\x00\x00\xff\xb1\x00\x00\xff\x86\x00\x00\
\xff\x7d\x00\x00\xff\x7f\x00\x00\xff\x7f\x00\x00\xff\x7f\x00\x00\
\xff\x7f\x00\x00\xff\x7f\x00\x00\xff\x7f\x00\x00\xff\x7f\x00\x00\
\xff\x7f\x00\x00\xff\x7f\x00\x00\xff\x7f\x00\x00\xff\x7f\x00\x00\
\xff\x7f\x00\x00\xff\x7f\x00\x00\xff\x7f\x00\x00\xff\x7f\x00\x00\
\xff\x7f\x00\x00\xff\x7f\x00\x00\xff\x7f\x00\x00\xff\x7f\x00\x00\
\xff\x7f\x00\x00\xff\x7f\x00\x00\xff\x7f\x00\x00\xff\x7f\x00\x00\
\xff\x7f\x00\x00\xff\x7f\x00\x00\xff\x7f\x00\x00\xff\x7f\x00\x00\
\xff\x7f\x00\x00\xff\x7f\x00\x00\xff\x7f\x00\x00\xff\x7f\x00\x00\
\xff\x7f\x00\x00\xff\x7f\x00\x00\xff\x7f\x00\x00\xff\x7f\x00\x00\
\xff\x7f\x00\x00\xff\x7f\x00\x00\xff\x7e\x00\x00\xff\x7c\x00\x00\
\xff\x7f\x00\x00\xff\x7f\x00\x00\xff\x7f\x00\x00\xff\x7f\x00\x00\
\xff\x7f\x00\x00\xff\x7f\x00\x00\xff\x7f\x00\x00\xff\x7f\x00\x00\
\xff\x7f\x00\x00\xff\x7f\x00\x00\xff\x7f\x00\x00\xff\x7f\x00\x00\
\xff\x7f\x00\x00\xff\x7f\x00\x00\xff\x7f\x00\x00\xff\x7f\x00\x00\
\xff\x7f\x00\x00\xff\x7f\x00\x00\xff\x7f\x00\x00\xff\x7f\x00\x00\
\xff\x7e\x00\x00\xff\x84\x00\x00\xff\x88\x00\x00\xff\x81\x00\x00\
\xff\x7f\x00\x00\xff\x7f\x00\x00\xff\x7f\x00\x00\xff\x7f\x00\x00\
\xff\x7f\x00\x00\xff\x7f\x00\x00\xff\x7f\x00\x00\xff\x7f\x00\x00\
\xff\x7f\x00\x00\xff\x7f\x00\x00\xff\x7f\x00\x00\xff\x7f\x00\x00\
\xff\x7f\x00\x00\xff\x7f\x00\x00\xff\x7f\x00\x00\xff\x7f\x00\x00\
\xff\x7f\x00\x00\xff\x7f\x00\x00\xff\x7f\x00\x00\xff\x7f\x00\x00\
\xff\x7f\x00\x00\xff\x7f\x00\x00\xff\x7f\x00\x00\xff\x7f\x00\x00\
\xff\x7f\x00\x00\xff\x7f\x00\x00\xff\x7f\x00\x00\xff\x7f\x00\x00\
\xff\x7f\x00\x00\xff\x7f\x00\x00\xff\x7f\x00\x00\xff\x7f\x00\x00\
\xff\x7f\x00\x00\xff\x7f\x00\x00\xff\x7f\x00\x00\xff\x7f\x00\x00\
\xff\x7f\x00\x00\xff\x7f\x00\x00\xff\x7f\x00\x00\xff\x80\x00\x00\
\xff\x7f\x00\x00\xff\x7f\x00\x00\xff\x7f\x00\x00\xff\x7f\x00\x00\
\xff\x7f\x00\x00\xff\x7f\x00\x00\xff\x7f\x00\x00\xff\x7f\x00\x00\
\xff\x7f\x00\x00\xff\x7f\x00\x00\xff\x7f\x00\x00\xff\x7f\x00\x00\
\xff\x7f\x00\x00\xff\x7e\x00\x00\xff\x7e\x00\x00\xff\x7f\x00\x00\
\xff\x7f\x00\x00\xff\x7f\x00\x00\xff\x7f\x00\x00\xff\x7f\x00\x00\
\xff\x7f\x00\x00\xff\x7e\x00\x00\xff\x7d\x00\x00\xff\x7f\x00\x00\
\xff\x7f\x00\x00\xff\x7e\x00\x00\xff\x7f\x00\x00\xff\x7f\x00\x00\
\xff\x7f\x00\x00\xff\x7f\x00\x00\xff\x7f\x00\x00\xff\x7f\x00\x00\
\xff\x7f\x00\x00\xff\x7f\x00\x00\xff\x7f\x00\x00\xff\x7f\x00\x00\
\xff\x7f\x00\x00\xff\x7f\x00\x00\xff\x7f\x00\x00\xff\x7f\x00\x00\
\xff\x7f\x00\x00\xff\x7f\x00\x00\xff\x7f\x00\x00\xff\x7f\x00\x00\
\xff\x7f\x00\x00\xff\x7f\x00\x00\xff\x7f\x00\x00\xff\x7f\x00\x00\
\xff\x7f\x00\x00\xff\x7f\x00\x00\xff\x7f\x00\x00\xff\x80\x00\x00\
\xff\x80\x00\x00\xff\x7f\x00\x00\xff\x7f\x00\x00\xff\x7f\x00\x00\
\xff\x7f\x00\x00\xff\x7f\x00\x00\xff\x7f\x00\x00\xff\x7f\x00\x00\
\xff\x7f\x00\x00\xff\x7f\x00\x00\xff\x7f\x00\x00\xff\x7f\x00\x00\
\xff\x7f\x00\x00\xff\x7f\x00\x00\xff\x7f\x00\x00\xff\x7f\x00\x00\
\xff\x7f\x00\x00\xff\x7f\x00\x00\xff\x7f\x00\x00\xff\x7f\x00\x00\
\xff\x7f\x00\x00\xff\x7f\x00\x00\xff\x7f\x00\x00\xff\x7f\x00\x00\
\xff\x7f\x00\x00\xff\x83\x00\x00\xff\x84\x00\x00\xff\x7f\x00\x00\
\xff\x7f\x00\x00\xff\x7f\x00\x00\xff\x7f\x00\x00\xff\x7f\x00\x00\
\xff\x7f\x00\x00\xff\x7f\x00\x00\xff\x80\x00\x00\xff\x7f\x00\x00\
\xff\x80\x00\x00\xff\x81\x00\x00\xff\x80\x00\x00\xff\x7f\x00\x00\
\xff\x7f\x00\x00\xff\x7f\x00\x00\xff\x7f\x00\x00\xff\x7f\x00\x00\
\xff\x7f\x00\x00\xff\x7f\x00\x00\xff\x7f\x00\x00\xff\x7f\x00\x00\
\xff\x7f\x00\x00\xff\x7f\x00\x00\xff\x7f\x00\x00\xff\x7f\x00\x00\
\xff\x7f\x00\x00\xff\x7f\x00\x00\xff\x7f\x00\x00\xff\x7f\x00\x00\
\xff\x7f\x00\x00\xff\x7f\x00\x00\xff\x7f\x00\x00\xff\x7f\x00\x00\
\xff\x7f\x00\x00\xff\x7f\x00\x00\xff\x7f\x00\x00\xff\x7f\x00\x00\
\xff\x7f\x00\x00\xff\x7f\x00\x00\xff\x7f\x00\x00\xff\x7f\x00\x00\
\xff\x7f\x00\x00\xff\x7f\x00\x00\xff\x7f\x00\x00\xff\x7f\x00\x00\
\xff\x7f\x00\x00\xff\x7f\x00\x00\xff\x7f\x00\x00\xff\x7f\x00\x00\
\xff\x7f\x00\x00\xff\x7f\x00\x00\xff\x7f\x00\x00\xff\x7f\x00\x00\
\xff\x7f\x00\x00\xff\x7f\x00\x00\xff\x7f\x00\x00\xff\x7f\x00\x00\
\xff\x7f\x00\x00\xff\x7f\x00\x00\xff\x7f\x00\x00\xff\x7f\x00\x00\
\xff\x7e\x00\x00\xff\xb0\x00\x00\xff\xb2\x00\x00\xff\x7f\x00\x00\
\xff\x7f\x00\x00\xff\x7f\x00\x00\xff\x7f\x00\x00\xff\x7f\x00\x00\
\xff\x7f\x00\x00\xff\x7f\x00\x00\xff\x7f\x00\x00\xff\x7d\x00\x00\
\xff\x8a\x00\x00\xff\xa2\x00\x00\xff\x8a\x00\x00\xff\x7d\x00\x00\
\xff\x7f\x00\x00\xff\x7f\x00\x00\xff\x7f\x00\x00\xff\x7f\x00\x00\
\xff\x7f\x00\x00\xff\x7f\x00\x00\xff\x7f\x00\x00\xff\x7f\x00\x00\
\xff\x7f\x00\x00\xff\x7f\x00\x00\xff\x7f\x00\x00\xff\x7f\x00\x00\
\xff\x7f\x00\x00\xff\x7f\x00\x00\xff\x7f\x00\x00\xff\x7f\x00\x00\
\xff\x7f\x00\x00\xff\x7f\x00\x00\xff\x7f\x00\x00\xff\x7f\x00\x00\
\xff\x7f\x00\x00\xff\x7f\x00\x00\xff\x7f\x00\x00\xff\x7f\x00\x00\
\xff\x7f\x00\x00\xff\x7f\x00\x00\xff\x7f\x00\x00\xff\x7f\x00\x00\
\xff\x7f\x00\x00\xff\x7f\x00\x00\xff\x7f\x00\x00\xff\x7f\x00\x00\
\xff\x7f\x00\x00\xff\x7f\x00\x00\xff\x7f\x00\x00\xff\x7f\x00\x00\
\xff\x7f\x00\x00\xff\x7f\x00\x00\xff\x7f\x00\x00\xff\x7f\x00\x00\
\xff\x7f\x00\x00\xff\x7f\x00\x00\xff\x7f\x00\x00\xff\x7f\x00\x00\
\xff\x7f\x00\x00\xff\x7f\x00\x00\xff\x7f\x00\x00\xff\x7f\x00\x00\
\xff\x7f\x00\x00\xff\xa2\x00\x00\xff\xa3\x00\x00\xff\x7f\x00\x00\
\xff\x7f\x00\x00\xff\x7f\x00\x00\xff\x7f\x00\x00\xff\x7f\x00\x00\
\xff\x7f\x00\x00\xff\x7f\x00\x00\xff\x7f\x00\x00\xff\x7e\x00\x00\
\xff\x87\x00\x00\xff\x98\x00\x00\xff\x87\x00\x00\xff\x7e\x00\x00\
\xff\x7f\x00\x00\xff\x7f\x00\x00\xff\x7f\x00\x00\xff\x7f\x00\x00\
\xff\x7f\x00\x00\xff\x7f\x00\x00\xff\x7f\x00\x00\xff\x7f\x00\x00\
\xff\x7f\x00\x00\xff\x7f\x00\x00\xff\x7f\x00\x00\xff\x7f\x00\x00\
\xff\x7f\x00\x00\xff\x7f\x00\x00\xff\x7f\x00\x00\xff\x7f\x00\x00\
\xff\x7f\x00\x00\xff\x00\x00\x00\x00\x00\x00\x00\x00\x00\x00\x00\
\x00\x00\x00\x00\x00\x00\x00\x00\x00\x00\x00\x00\x00\x00\x00\x00\
\x00\x00\x00\x00\x00\x00\x00\x00\x00\x00\x00\x00\x00\x00\x00\x00\
\x00\x00\x00\x00\x00\x00\x00\x00\x00\x00\x00\x00\x00\x00\x00\x00\
\x00\x00\x00\x00\x00\x00\x00\x00\x00\x00\x00\x00\x00\x00\x00\x00\
\x00\x00\x00\x00\x00\x00\x00\x00\x00\x00\x00\x00\x00\x00\x00\x00\
\x00\x00\x00\x00\x00\x00\x00\x00\x00\x00\x00\x00\x00\x00\x00\x00\
\x00\x00\x00\x00\x00\x00\x00\x00\x00\x00\x00\x00\x00\x00\x00\x00\
\x00\x00\x00\x00\x00\x00\x00\x00\x00\x00\x00\x00\x00\x00\x00\x00\
\x00\x00\x00\x00\x00\x00\x00\x00\x00\x00\x00\x00\x00\x00\x00\x00\
\x00\x00\x00\x00\x00\x00\x00\x00\x00\x00\x00\x00\x00\x00\x00\x00\
\x00\x00\x00\x00\x00\x00\x00\x00\x00\x00\x00\x00\x00\x00\x00\x00\
\x00\x00\x00\x00\x00\x00\x00\x00\x00\x00\x00\x00\x00\x00\x00\x00\
\x00\x00\x00\x00\x00\x00\x00\x00\x00\x00\x00\x00\x00\x00\x00\x00\
\x00\x00\x00\x00\x00\x00\x00\x00\x00\x00\x00\x00\x00\x00\x00\x00\
\x00\x00\x00\x00\x00\x00\x00\x00\x00\x00\x00\x00\x00\x00\x00\x00\
\x00\x00\x00\x00\x00\x00\x00\x00\x00\x00\x00\x00\x00\x00\x00\x00\
\x00\x00\x00\x00\x00\x00\x00\x00\x00\x00\x00\x00\x00\x00\x00\x00\
\x00\x00\x00\x00\x00\x00\x00\x00\x00\x00\x00\x00\x00\x00\x00\x00\
\x00\x00\x00\x00\x00\x00\x00\x00\x00\x00\x00\x00\x00\x00\x00\x00\
\x00\x00\x00\x00\x00\x00\x00\x00\x00\x00\x00\x00\x00\x00\x00\x00\
\x00\x00\x00\x00\x00\x00\x00\x00\x00\x00\x00\x00\x00\x00\x00\x00\
\x00\x00\x00\x00\x00\x00\x00\x00\x00\x00\x00\x00\x00\x00\x00\x00\
\x00\x00\x00\x00\x00\x00\x00\x00\x00\x00\x00\x00\x00\x00\x00\x00\
\x00\x00\x00\x00\x00\x00\x00\x00\x00\x00\x00\x00\x00\x00\x00\x00\
\x00\x00\x00\x00\x00\x00\x00\x00\x00\x00\x00\x00\x00\x00\x00\x00\
\x00\x00\x00\x00\x00\x00\x00\x00\x00\x00\x00\x00\x00\x00\x00\x00\
\x00\x00\x00\x00\x00\x00\x00\x00\x00\x00\x00\x00\x00\x00\x00\x00\
\x00\x00\x00\x00\x00\x00\x00\x00\x00\x00\x00\x00\x00\x00\x00\x00\
\x00\x00\x00\x00\x00\x00\x00\x00\x00\x00\x00\x00\x00\x00\x00\x00\
\x00\x00\x00\x00\x00\x00\x00\x00\x00\x00\x00\x00\x00\x00\x00\x00\
\x00\x00\x00\x00\x00\x00\x00\x00\x00\x00\x00\x00\x00\x00\x00\x00\
\x00\x00\x00\x00\x00\
\x00\x00\x01\xb1\
\x3c\
\x73\x76\x67\x20\x69\x64\x3d\x22\xe5\x9b\xbe\xe5\xb1\x82\x5f\x31\
\x22\x20\x64\x61\x74\x61\x2d\x6e\x61\x6d\x65\x3d\x22\xe5\x9b\xbe\
\xe5\xb1\x82\x20\x31\x22\x20\x78\x6d\x6c\x6e\x73\x3d\x22\x68\x74\
\x74\x70\x3a\x2f\x2f\x77\x77\x77\x2e\x77\x33\x2e\x6f\x72\x67\x2f\
\x32\x30\x30\x30\x2f\x73\x76\x67\x22\x20\x76\x69\x65\x77\x42\x6f\
\x78\x3d\x22\x30\x20\x30\x20\x31\x32\x30\x20\x31\x32\x30\x22\x3e\
\x3c\x64\x65\x66\x73\x3e\x3c\x73\x74\x79\x6c\x65\x3e\x2e\x63\x6c\
\x73\x2d\x31\x7b\x66\x69\x6c\x6c\x3a\x23\x63\x38\x65\x36\x63\x39\
\x3b\x7d\x2e\x63\x6c\x73\x2d\x32\x7b\x66\x69\x6c\x6c\x3a\x6e\x6f\
\x6e\x65\x3b\x73\x74\x72\x6f\x6b\x65\x3a\x23\x30\x30\x30\x3b\x73\
\x74\x72\x6f\x6b\x65\x2d\x6d\x69\x74\x65\x72\x6c\x69\x6d\x69\x74\
\x3a\x31\x30\x3b\x7d\x3c\x2f\x73\x74\x79\x6c\x65\x3e\x3c\x2f\x64\
\x65\x66\x73\x3e\x3c\x70\x6f\x6c\x79\x67\x6f\x6e\x20\x63\x6c\x61\
\x73\x73\x3d\x22\x63\x6c\x73\x2d\x31\x22\x20\x70\x6f\x69\x6e\x74\
\x73\x3d\x22\x32\x34\x2e\x31\x39\x20\x36\x38\x2e\x32\x37\x20\x31\
\x37\x2e\x38\x32\x20\x37\x37\x2e\x30\x38\x20\x34\x38\x2e\x34\x33\
\x20\x31\x30\x30\x2e\x36\x33\x20\x31\x30\x36\x2e\x33\x20\x34\x31\
\x2e\x35\x20\x39\x38\x2e\x32\x20\x33\x33\x2e\x38\x31\x20\x34\x36\
\x2e\x35\x32\x20\x38\x35\x2e\x34\x31\x20\x32\x34\x2e\x31\x39\x20\
\x36\x38\x2e\x32\x37\x22\x2f\x3e\x3c\x70\x6f\x6c\x79\x67\x6f\x6e\
\x20\x63\x6c\x61\x73\x73\x3d\x22\x63\x6c\x73\x2d\x32\x22\x20\x70\
\x6f\x69\x6e\x74\x73\x3d\x22\x32\x31\x2e\x39\x37\x20\x36\x33\x2e\
\x36\x20\x31\x35\x2e\x36\x20\x37\x32\x2e\x34\x32\x20\x34\x36\x2e\
\x32\x31\x20\x39\x35\x2e\x39\x37\x20\x31\x30\x34\x2e\x30\x38\x20\
\x33\x36\x2e\x38\x34\x20\x39\x35\x2e\x39\x38\x20\x32\x39\x2e\x31\
\x34\x20\x34\x34\x2e\x33\x20\x38\x30\x2e\x37\x35\x20\x32\x31\x2e\
\x39\x37\x20\x36\x33\x2e\x36\x22\x2f\x3e\x3c\x2f\x73\x76\x67\x3e\
\
\x00\x00\x01\x53\
\x3c\
\x73\x76\x67\x20\x78\x6d\x6c\x6e\x73\x3d\x22\x68\x74\x74\x70\x3a\
\x2f\x2f\x77\x77\x77\x2e\x77\x33\x2e\x6f\x72\x67\x2f\x32\x30\x30\
\x30\x2f\x73\x76\x67\x22\x20\x76\x69\x65\x77\x42\x6f\x78\x3d\x22\
\x30\x20\x30\x20\x31\x32\x30\x20\x31\x32\x30\x22\x3e\x0a\x20\x20\
\x3c\x67\x20\x66\x69\x6c\x6c\x3d\x22\x23\x63\x38\x65\x36\x63\x39\
\x22\x20\x73\x74\x72\x6f\x6b\x65\x3d\x22\x23\x31\x31\x31\x22\x20\
\x73\x74\x72\x6f\x6b\x65\x2d\x77\x69\x64\x74\x68\x3d\x22\x36\x22\
\x20\x73\x74\x72\x6f\x6b\x65\x2d\x6c\x69\x6e\x65\x6a\x6f\x69\x6e\
\x3d\x22\x72\x6f\x75\x6e\x64\x22\x3e\x0a\x20\x20\x20\x20\x3c\x72\
\x65\x63\x74\x20\x78\x3d\x22\x31\x36\x22\x20\x79\x3d\x22\x31\x36\
\x22\x20\x77\x69\x64\x74\x68\x3d\x22\x34\x30\x22\x20\x68\x65\x69\
\x67\x68\x74\x3d\x22\x34\x30\x22\x2f\x3e\x3c\x72\x65\x63\x74\x20\
\x78\x3d\x22\x36\x34\x22\x20\x79\x3d\x22\x31\x36\x22\x20\x77\x69\
\x64\x74\x68\x3d\x22\x34\x30\x22\x20\x68\x65\x69\x67\x68\x74\x3d\
\x22\x34\x30\x22\x2f\x3e\x0a\x20\x20\x20\x20\x3c\x72\x65\x63\x74\
\x20\x78\x3d\x22\x31\x36\x22\x20\x79\x3d\x22\x36\x34\x22\x20\x77\
\x69\x64\x74\x68\x3d\x22\x34\x30\x22\x20\x68\x65\x69\x67\x68\x74\
\x3d\x22\x34\x30\x22\x2f\x3e\x3c\x72\x65\x63\x74\x20\x78\x3d\x22\
\x36\x34\x22\x20\x79\x3d\x22\x36\x34\x22\x20\x77\x69\x64\x74\x68\
\x3d\x22\x34\x30\x22\x20\x68\x65\x69\x67\x68\x74\x3d\x22\x34\x30\
\x22\x2f\x3e\x0a\x20\x20\x3c\x2f\x67\x3e\x0a\x3c\x2f\x73\x76\x67\
\x3e\x0a\
\x00\x00\x01\xb5\
\x3c\
\x73\x76\x67\x20\x69\x64\x3d\x22\xe5\x9b\xbe\xe5\xb1\x82\x5f\x31\
\x22\x20\x64\x61\x74\x61\x2d\x6e\x61\x6d\x65\x3d\x22\xe5\x9b\xbe\
\xe5\xb1\x82\x20\x31\x22\x20\x78\x6d\x6c\x6e\x73\x3d\x22\x68\x74\
\x74\x70\x3a\x2f\x2f\x77\x77\x77\x2e\x77\x33\x2e\x6f\x72\x67\x2f\
\x32\x30\x30\x30\x2f\x73\x76\x67\x22\x20\x76\x69\x65\x77\x42\x6f\
\x78\x3d\x22\x30\x20\x30\x20\x31\x32\x30\x20\x31\x32\x30\x22\x3e\
\x3c\x64\x65\x66\x73\x3e\x3c\x73\x74\x79\x6c\x65\x3e\x2e\x63\x6c\
\x73\x2d\x31\x7b\x66\x69\x6c\x6c\x3a\x23\x63\x38\x65\x36\x63\x39\
\x3b\x7d\x2e\x63\x6c\x73\x2d\x32\x7b\x66\x69\x6c\x6c\x3a\x6e\x6f\
\x6e\x65\x3b\x73\x74\x72\x6f\x6b\x65\x3a\x23\x30\x30\x30\x3b\x73\
\x74\x72\x6f\x6b\x65\x2d\x6d\x69\x74\x65\x72\x6c\x69\x6d\x69\x74\
\x3a\x31\x30\x3b\x7d\x3c\x2f\x73\x74\x79\x6c\x65\x3e\x3c\x2f\x64\
\x65\x66\x73\x3e\x3c\x72\x65\x63\x74\x20\x63\x6c\x61\x73\x73\x3d\
\x22\x63\x6c\x73\x2d\x31\x22\x20\x78\x3d\x22\x35\x33\x2e\x36\x39\
\x22\x20\x79\x3d\x22\x31\x37\x2e\x35\x36\x22\x20\x77\x69\x64\x74\
\x68\x3d\x22\x31\x35\x2e\x37\x32\x22\x20\x68\x65\x69\x67\x68\x74\
\x3d\x22\x39\x36\x2e\x30\x38\x22\x20\x74\x72\x61\x6e\x73\x66\x6f\
\x72\x6d\x3d\x22\x74\x72\x61\x6e\x73\x6c\x61\x74\x65\x28\x31\x35\
\x31\x2e\x34\x36\x20\x36\x38\x2e\x34\x35\x29\x20\x72\x6f\x74\x61\
\x74\x65\x28\x31\x33\x35\x29\x22\x2f\x3e\x3c\x72\x65\x63\x74\x20\
\x63\x6c\x61\x73\x73\x3d\x22\x63\x6c\x73\x2d\x32\x22\x20\x78\x3d\
\x22\x35\x36\x2e\x38\x38\x22\x20\x79\x3d\x22\x38\x2e\x32\x22\x20\
\x77\x69\x64\x74\x68\x3d\x22\x31\x30\x2e\x39\x37\x22\x20\x68\x65\
\x69\x67\x68\x74\x3d\x22\x39\x36\x2e\x30\x38\x22\x20\x74\x72\x61\
\x6e\x73\x66\x6f\x72\x6d\x3d\x22\x74\x72\x61\x6e\x73\x6c\x61\x74\
\x65\x28\x31\x34\x36\x2e\x32\x32\x20\x35\x31\x2e\x39\x31\x29\x20\
\x72\x6f\x74\x61\x74\x65\x28\x31\x33\x35\x29\x22\x2f\x3e\x3c\x2f\
\x73\x76\x67\x3e\
\x00\x00\x03\xc0\
\x3c\
\x73\x76\x67\x20\x69\x64\x3d\x22\xe5\x9b\xbe\xe5\xb1\x82\x5f\x31\
\x22\x20\x64\x61\x74\x61\x2d\x6e\x61\x6d\x65\x3d\x22\xe5\x9b\xbe\
\xe5\xb1\x82\x20\x31\x22\x20\x78\x6d\x6c\x6e\x73\x3d\x22\x68\x74\
\x74\x70\x3a\x2f\x2f\x77\x77\x77\x2e\x77\x33\x2e\x6f\x72\x67\x2f\
\x32\x30\x30\x30\x2f\x73\x76\x67\x22\x20\x76\x69\x65\x77\x42\x6f\
\x78\x3d\x22\x30\x20\x30\x20\x31\x32\x30\x20\x31\x32\x30\x22\x3e\
\x3c\x64\x65\x66\x73\x3e\x3c\x73\x74\x79\x6c\x65\x3e\x2e\x63\x6c\
\x73\x2d\x31\x7b\x66\x69\x6c\x6c\x3a\x23\x63\x38\x65\x36\x63\x39\
\x3b\x7d\x2e\x63\x6c\x73\x2d\x32\x7b\x66\x69\x6c\x6c\x3a\x6e\x6f\
\x6e\x65\x3b\x73\x74\x72\x6f\x6b\x65\x3a\x23\x30\x30\x30\x3b\x73\
\x74\x72\x6f\x6b\x65\x2d\x6d\x69\x74\x65\x72\x6c\x69\x6d\x69\x74\
\x3a\x31\x30\x3b\x7d\x3c\x2f\x73\x74\x79\x6c\x65\x3e\x3c\x2f\x64\
\x65\x66\x73\x3e\x3c\x70\x6f\x6c\x79\x67\x6f\x6e\x20\x63\x6c\x61\
\x73\x73\x3d\x22\x63\x6c\x73\x2d\x31\x22\x20\x70\x6f\x69\x6e\x74\
\x73\x3d\x22\x33\x35\x2e\x37\x37\x20\x35\x31\x2e\x39\x34\x20\x36\
\x32\x2e\x34\x32\x20\x31\x30\x32\x2e\x37\x33\x20\x31\x31\x30\x2e\
\x38\x38\x20\x37\x37\x2e\x33\x20\x39\x30\x2e\x39\x32\x20\x33\x39\
\x2e\x32\x37\x20\x37\x33\x2e\x34\x37\x20\x34\x38\x2e\x34\x32\x20\
\x37\x31\x2e\x33\x36\x20\x34\x34\x2e\x34\x20\x38\x38\x2e\x38\x31\
\x20\x33\x35\x2e\x32\x34\x20\x38\x34\x2e\x32\x33\x20\x32\x36\x2e\
\x35\x32\x20\x33\x35\x2e\x37\x37\x20\x35\x31\x2e\x39\x34\x22\x2f\
\x3e\x3c\x72\x65\x63\x74\x20\x63\x6c\x61\x73\x73\x3d\x22\x63\x6c\
\x73\x2d\x31\x22\x20\x78\x3d\x22\x38\x36\x2e\x30\x35\x22\x20\x79\
\x3d\x22\x33\x31\x2e\x38\x31\x22\x20\x77\x69\x64\x74\x68\x3d\x22\
\x31\x39\x2e\x37\x31\x22\x20\x68\x65\x69\x67\x68\x74\x3d\x22\x34\
\x2e\x35\x35\x22\x20\x74\x72\x61\x6e\x73\x66\x6f\x72\x6d\x3d\x22\
\x74\x72\x61\x6e\x73\x6c\x61\x74\x65\x28\x2d\x34\x2e\x38\x36\x20\
\x34\x38\x2e\x34\x36\x29\x20\x72\x6f\x74\x61\x74\x65\x28\x2d\x32\
\x37\x2e\x36\x38\x29\x22\x2f\x3e\x3c\x70\x61\x74\x68\x20\x63\x6c\
\x61\x73\x73\x3d\x22\x63\x6c\x73\x2d\x31\x22\x20\x64\x3d\x22\x4d\
\x35\x30\x2e\x37\x39\x2c\x34\x34\x2e\x30\x37\x63\x2d\x38\x2e\x39\
\x33\x2d\x35\x2e\x35\x39\x2d\x32\x32\x2e\x36\x39\x2d\x34\x2e\x36\
\x35\x2d\x32\x37\x2e\x32\x35\x2c\x35\x2e\x31\x36\x73\x33\x2c\x36\
\x2e\x37\x32\x2c\x31\x2c\x31\x34\x2e\x33\x33\x2c\x36\x2e\x39\x34\
\x2c\x32\x2e\x33\x35\x2c\x38\x2d\x32\x2e\x37\x35\x2d\x32\x2e\x37\
\x37\x2d\x38\x2e\x35\x33\x2d\x2e\x30\x39\x2d\x31\x30\x2e\x35\x31\
\x2c\x36\x2e\x36\x31\x2c\x30\x2c\x36\x2e\x36\x31\x2c\x30\x5a\x22\
\x2f\x3e\x3c\x70\x6f\x6c\x79\x6c\x69\x6e\x65\x20\x63\x6c\x61\x73\
\x73\x3d\x22\x63\x6c\x73\x2d\x32\x22\x20\x70\x6f\x69\x6e\x74\x73\
\x3d\x22\x38\x33\x2e\x32\x33\x20\x33\x33\x2e\x30\x35\x20\x37\x38\
\x2e\x36\x36\x20\x32\x34\x2e\x33\x32\x20\x33\x30\x2e\x32\x20\x34\
\x39\x2e\x37\x35\x20\x35\x36\x2e\x38\x34\x20\x31\x30\x30\x2e\x35\
\x33\x20\x31\x30\x35\x2e\x33\x20\x37\x35\x2e\x31\x20\x38\x35\x2e\
\x33\x35\x20\x33\x37\x2e\x30\x37\x22\x2f\x3e\x3c\x72\x65\x63\x74\
\x20\x63\x6c\x61\x73\x73\x3d\x22\x63\x6c\x73\x2d\x32\x22\x20\x78\
\x3d\x22\x38\x30\x2e\x34\x38\x22\x20\x79\x3d\x22\x32\x39\x2e\x36\
\x32\x22\x20\x77\x69\x64\x74\x68\x3d\x22\x31\x39\x2e\x37\x31\x22\
\x20\x68\x65\x69\x67\x68\x74\x3d\x22\x34\x2e\x35\x35\x22\x20\x74\
\x72\x61\x6e\x73\x66\x6f\x72\x6d\x3d\x22\x74\x72\x61\x6e\x73\x6c\
\x61\x74\x65\x28\x2d\x34\x2e\x34\x37\x20\x34\x35\x2e\x36\x32\x29\
\x20\x72\x6f\x74\x61\x74\x65\x28\x2d\x32\x37\x2e\x36\x38\x29\x22\
\x2f\x3e\x3c\x70\x61\x74\x68\x20\x63\x6c\x61\x73\x73\x3d\x22\x63\
\x6c\x73\x2d\x32\x22\x20\x64\x3d\x22\x4d\x34\x35\x2e\x32\x31\x2c\
\x34\x31\x2e\x38\x37\x43\x33\x36\x2e\x32\x39\x2c\x33\x36\x2e\x32\
\x38\x2c\x32\x32\x2e\x35\x32\x2c\x33\x37\x2e\x32\x33\x2c\x31\x38\
\x2c\x34\x37\x73\x33\x2c\x36\x2e\x37\x33\x2c\x31\x2c\x31\x34\x2e\
\x33\x34\x2c\x36\x2e\x39\x33\x2c\x32\x2e\x33\x35\x2c\x38\x2d\x32\
\x2e\x37\x36\x2d\x32\x2e\x37\x36\x2d\x38\x2e\x35\x33\x2d\x2e\x30\
\x39\x2d\x31\x30\x2e\x35\x31\x2c\x36\x2e\x36\x32\x2c\x30\x2c\x36\
\x2e\x36\x32\x2c\x30\x5a\x22\x2f\x3e\x3c\x2f\x73\x76\x67\x3e\
\x00\x00\x02\x74\
\x3c\
\x73\x76\x67\x20\x69\x64\x3d\x22\xe5\x9b\xbe\xe5\xb1\x82\x5f\x31\
\x22\x20\x64\x61\x74\x61\x2d\x6e\x61\x6d\x65\x3d\x22\xe5\x9b\xbe\
\xe5\xb1\x82\x20\x31\x22\x20\x78\x6d\x6c\x6e\x73\x3d\x22\x68\x74\
\x74\x70\x3a\x2f\x2f\x77\x77\x77\x2e\x77\x33\x2e\x6f\x72\x67\x2f\
\x32\x30\x30\x30\x2f\x73\x76\x67\x22\x20\x76\x69\x65\x77\x42\x6f\
\x78\x3d\x22\x30\x20\x30\x20\x31\x32\x30\x20\x31\x32\x30\x22\x3e\
\x3c\x64\x65\x66\x73\x3e\x3c\x73\x74\x79\x6c\x65\x3e\x2e\x63\x6c\
\x73\x2d\x31\x7b\x66\x69\x6c\x6c\x3a\x23\x63\x38\x65\x36\x63\x39\
\x3b\x7d\x2e\x63\x6c\x73\x2d\x32\x2c\x2e\x63\x6c\x73\x2d\x33\x7b\
\x66\x69\x6c\x6c\x3a\x6e\x6f\x6e\x65\x3b\x73\x74\x72\x6f\x6b\x65\
\x2d\x6d\x69\x74\x65\x72\x6c\x69\x6d\x69\x74\x3a\x31\x30\x3b\x7d\
\x2e\x63\x6c\x73\x2d\x32\x7b\x73\x74\x72\x6f\x6b\x65\x3a\x23\x63\
\x38\x65\x36\x63\x39\x3b\x73\x74\x72\x6f\x6b\x65\x2d\x77\x69\x64\
\x74\x68\x3a\x34\x70\x78\x3b\x7d\x2e\x63\x6c\x73\x2d\x33\x7b\x73\
\x74\x72\x6f\x6b\x65\x3a\x23\x30\x30\x30\x3b\x7d\x3c\x2f\x73\x74\
\x79\x6c\x65\x3e\x3c\x2f\x64\x65\x66\x73\x3e\x3c\x63\x69\x72\x63\
\x6c\x65\x20\x63\x6c\x61\x73\x73\x3d\x22\x63\x6c\x73\x2d\x31\x22\
\x20\x63\x78\x3d\x22\x36\x31\x2e\x33\x22\x20\x63\x79\x3d\x22\x36\
\x33\x2e\x32\x35\x22\x20\x72\x3d\x22\x32\x35\x2e\x37\x31\x22\x2f\
\x3e\x3c\x6c\x69\x6e\x65\x20\x63\x6c\x61\x73\x73\x3d\x22\x63\x6c\
\x73\x2d\x32\x22\x20\x78\x31\x3d\x22\x36\x31\x2e\x33\x22\x20\x79\
\x31\x3d\x22\x31\x39\x2e\x33\x39\x22\x20\x78\x32\x3d\x22\x36\x31\
\x2e\x33\x22\x20\x79\x32\x3d\x22\x31\x30\x39\x2e\x38\x37\x22\x2f\
\x3e\x3c\x6c\x69\x6e\x65\x20\x63\x6c\x61\x73\x73\x3d\x22\x63\x6c\
\x73\x2d\x32\x22\x20\x78\x31\x3d\x22\x31\x30\x36\x2e\x35\x34\x22\
\x20\x79\x31\x3d\x22\x36\x33\x2e\x39\x34\x22\x20\x78\x32\x3d\x22\
\x31\x36\x2e\x30\x36\x22\x20\x79\x32\x3d\x22\x36\x33\x2e\x39\x34\
\x22\x2f\x3e\x3c\x63\x69\x72\x63\x6c\x65\x20\x63\x6c\x61\x73\x73\
\x3d\x22\x63\x6c\x73\x2d\x33\x22\x20\x63\x78\x3d\x22\x35\x37\x2e\
\x36\x36\x22\x20\x63\x79\x3d\x22\x35\x38\x2e\x37\x39\x22\x20\x72\
\x3d\x22\x32\x35\x2e\x37\x31\x22\x2f\x3e\x3c\x6c\x69\x6e\x65\x20\
\x63\x6c\x61\x73\x73\x3d\x22\x63\x6c\x73\x2d\x33\x22\x20\x78\x31\
\x3d\x22\x35\x37\x2e\x36\x36\x22\x20\x79\x31\x3d\x22\x31\x34\x2e\
\x39\x34\x22\x20\x78\x32\x3d\x22\x35\x37\x2e\x36\x36\x22\x20\x79\
\x32\x3d\x22\x31\x30\x35\x2e\x34\x31\x22\x2f\x3e\x3c\x6c\x69\x6e\
\x65\x20\x63\x6c\x61\x73\x73\x3d\x22\x63\x6c\x73\x2d\x33\x22\x20\
\x78\x31\x3d\x22\x31\x30\x32\x2e\x39\x22\x20\x79\x31\x3d\x22\x35\
\x39\x2e\x34\x38\x22\x20\x78\x32\x3d\x22\x31\x32\x2e\x34\x32\x22\
\x20\x79\x32\x3d\x22\x35\x39\x2e\x34\x38\x22\x2f\x3e\x3c\x2f\x73\
\x76\x67\x3e\
\x00\x00\x04\xf6\
\x3c\
\x73\x76\x67\x20\x69\x64\x3d\x22\xe5\x9b\xbe\xe5\xb1\x82\x5f\x31\
\x22\x20\x64\x61\x74\x61\x2d\x6e\x61\x6d\x65\x3d\x22\xe5\x9b\xbe\
\xe5\xb1\x82\x20\x31\x22\x20\x78\x6d\x6c\x6e\x73\x3d\x22\x68\x74\
\x74\x70\x3a\x2f\x2f\x77\x77\x77\x2e\x77\x33\x2e\x6f\x72\x67\x2f\
\x32\x30\x30\x30\x2f\x73\x76\x67\x22\x20\x76\x69\x65\x77\x42\x6f\
\x78\x3d\x22\x30\x20\x30\x20\x31\x32\x30\x20\x31\x32\x30\x22\x3e\
\x3c\x64\x65\x66\x73\x3e\x3c\x73\x74\x79\x6c\x65\x3e\x2e\x63\x6c\
\x73\x2d\x31\x7b\x66\x69\x6c\x6c\x3a\x23\x63\x38\x65\x36\x63\x39\
\x3b\x7d\x2e\x63\x6c\x73\x2d\x32\x2c\x2e\x63\x6c\x73\x2d\x33\x7b\
\x66\x69\x6c\x6c\x3a\x6e\x6f\x6e\x65\x3b\x73\x74\x72\x6f\x6b\x65\
\x2d\x6d\x69\x74\x65\x72\x6c\x69\x6d\x69\x74\x3a\x31\x30\x3b\x7d\
\x2e\x63\x6c\x73\x2d\x32\x7b\x73\x74\x72\x6f\x6b\x65\x3a\x23\x63\
\x38\x65\x36\x63\x39\x3b\x73\x74\x72\x6f\x6b\x65\x2d\x77\x69\x64\
\x74\x68\x3a\x34\x70\x78\x3b\x7d\x2e\x63\x6c\x73\x2d\x33\x7b\x73\
\x74\x72\x6f\x6b\x65\x3a\x23\x30\x30\x30\x3b\x7d\x3c\x2f\x73\x74\
\x79\x6c\x65\x3e\x3c\x2f\x64\x65\x66\x73\x3e\x3c\x72\x65\x63\x74\
\x20\x63\x6c\x61\x73\x73\x3d\x22\x63\x6c\x73\x2d\x31\x22\x20\x78\
\x3d\x22\x32\x33\x2e\x35\x32\x22\x20\x79\x3d\x22\x32\x36\x2e\x35\
\x31\x22\x20\x77\x69\x64\x74\x68\x3d\x22\x38\x2e\x32\x38\x22\x20\
\x68\x65\x69\x67\x68\x74\x3d\x22\x38\x2e\x32\x38\x22\x20\x74\x72\
\x61\x6e\x73\x66\x6f\x72\x6d\x3d\x22\x74\x72\x61\x6e\x73\x6c\x61\
\x74\x65\x28\x2d\x31\x33\x2e\x35\x39\x20\x32\x38\x2e\x37\x38\x29\
\x20\x72\x6f\x74\x61\x74\x65\x28\x2d\x34\x35\x2e\x33\x33\x29\x22\
\x2f\x3e\x3c\x70\x61\x74\x68\x20\x63\x6c\x61\x73\x73\x3d\x22\x63\
\x6c\x73\x2d\x31\x22\x20\x64\x3d\x22\x4d\x32\x37\x2e\x36\x34\x2c\
\x32\x36\x2e\x32\x31\x6c\x34\x2e\x34\x36\x2c\x34\x2e\x34\x32\x4c\
\x32\x37\x2e\x36\x39\x2c\x33\x35\x2e\x31\x6c\x2d\x34\x2e\x34\x37\
\x2d\x34\x2e\x34\x32\x2c\x34\x2e\x34\x32\x2d\x34\x2e\x34\x37\x6d\
\x30\x2d\x32\x2e\x38\x32\x2d\x31\x2e\x34\x31\x2c\x31\x2e\x34\x32\
\x4c\x32\x31\x2e\x38\x2c\x32\x39\x2e\x32\x37\x2c\x32\x30\x2e\x33\
\x39\x2c\x33\x30\x2e\x37\x6c\x31\x2e\x34\x32\x2c\x31\x2e\x34\x2c\
\x34\x2e\x34\x37\x2c\x34\x2e\x34\x32\x2c\x31\x2e\x34\x32\x2c\x31\
\x2e\x34\x2c\x31\x2e\x34\x31\x2d\x31\x2e\x34\x32\x4c\x33\x33\x2e\
\x35\x32\x2c\x33\x32\x6c\x31\x2e\x34\x31\x2d\x31\x2e\x34\x33\x2d\
\x31\x2e\x34\x32\x2d\x31\x2e\x34\x4c\x32\x39\x2c\x32\x34\x2e\x37\
\x39\x6c\x2d\x31\x2e\x34\x32\x2d\x31\x2e\x34\x5a\x22\x2f\x3e\x3c\
\x72\x65\x63\x74\x20\x63\x6c\x61\x73\x73\x3d\x22\x63\x6c\x73\x2d\
\x31\x22\x20\x78\x3d\x22\x39\x34\x2e\x35\x39\x22\x20\x79\x3d\x22\
\x39\x36\x2e\x37\x33\x22\x20\x77\x69\x64\x74\x68\x3d\x22\x38\x2e\
\x32\x38\x22\x20\x68\x65\x69\x67\x68\x74\x3d\x22\x38\x2e\x32\x38\
\x22\x20\x74\x72\x61\x6e\x73\x66\x6f\x72\x6d\x3d\x22\x74\x72\x61\
\x6e\x73\x6c\x61\x74\x65\x28\x2d\x34\x32\x2e\x34\x31\x20\x31\x30\
\x30\x2e\x31\x36\x29\x20\x72\x6f\x74\x61\x74\x65\x28\x2d\x34\x35\
\x2e\x33\x32\x29\x22\x2f\x3e\x3c\x70\x61\x74\x68\x20\x63\x6c\x61\
\x73\x73\x3d\x22\x63\x6c\x73\x2d\x31\x22\x20\x64\x3d\x22\x4d\x39\
\x38\x2e\x37\x31\x2c\x39\x36\x2e\x34\x33\x6c\x34\x2e\x34\x36\x2c\
\x34\x2e\x34\x31\x2d\x34\x2e\x34\x31\x2c\x34\x2e\x34\x37\x2d\x34\
\x2e\x34\x37\x2d\x34\x2e\x34\x31\x2c\x34\x2e\x34\x32\x2d\x34\x2e\
\x34\x37\x6d\x30\x2d\x32\x2e\x38\x33\x4c\x39\x37\x2e\x32\x38\x2c\
\x39\x35\x6c\x2d\x34\x2e\x34\x31\x2c\x34\x2e\x34\x37\x2d\x31\x2e\
\x34\x31\x2c\x31\x2e\x34\x32\x2c\x31\x2e\x34\x32\x2c\x31\x2e\x34\
\x31\x2c\x34\x2e\x34\x37\x2c\x34\x2e\x34\x31\x2c\x31\x2e\x34\x32\
\x2c\x31\x2e\x34\x31\x2c\x31\x2e\x34\x31\x2d\x31\x2e\x34\x32\x2c\
\x34\x2e\x34\x31\x2d\x34\x2e\x34\x37\x2c\x31\x2e\x34\x31\x2d\x31\
\x2e\x34\x32\x2d\x31\x2e\x34\x32\x2d\x31\x2e\x34\x31\x4c\x31\x30\
\x30\x2e\x31\x31\x2c\x39\x35\x2c\x39\x38\x2e\x36\x39\x2c\x39\x33\
\x2e\x36\x5a\x22\x2f\x3e\x3c\x6c\x69\x6e\x65\x20\x63\x6c\x61\x73\
\x73\x3d\x22\x63\x6c\x73\x2d\x32\x22\x20\x78\x31\x3d\x22\x32\x39\
\x2e\x38\x39\x22\x20\x79\x31\x3d\x22\x33\x32\x2e\x38\x36\x22\x20\
\x78\x32\x3d\x22\x39\x36\x2e\x34\x38\x22\x20\x79\x32\x3d\x22\x39\
\x38\x2e\x36\x38\x22\x2f\x3e\x3c\x72\x65\x63\x74\x20\x63\x6c\x61\
\x73\x73\x3d\x22\x63\x6c\x73\x2d\x33\x22\x20\x78\x3d\x22\x32\x31\
\x2e\x38\x35\x22\x20\x79\x3d\x22\x32\x30\x2e\x32\x22\x20\x77\x69\
\x64\x74\x68\x3d\x22\x36\x2e\x32\x38\x22\x20\x68\x65\x69\x67\x68\
\x74\x3d\x22\x36\x2e\x32\x38\x22\x20\x74\x72\x61\x6e\x73\x66\x6f\
\x72\x6d\x3d\x22\x74\x72\x61\x6e\x73\x6c\x61\x74\x65\x28\x2d\x39\
\x2e\x31\x37\x20\x32\x34\x2e\x37\x29\x20\x72\x6f\x74\x61\x74\x65\
\x28\x2d\x34\x35\x2e\x33\x33\x29\x22\x2f\x3e\x3c\x72\x65\x63\x74\
\x20\x63\x6c\x61\x73\x73\x3d\x22\x63\x6c\x73\x2d\x33\x22\x20\x78\
\x3d\x22\x39\x32\x2e\x39\x32\x22\x20\x79\x3d\x22\x39\x30\x2e\x34\
\x31\x22\x20\x77\x69\x64\x74\x68\x3d\x22\x36\x2e\x32\x38\x22\x20\
\x68\x65\x69\x67\x68\x74\x3d\x22\x36\x2e\x32\x38\x22\x20\x74\x72\
\x61\x6e\x73\x66\x6f\x72\x6d\x3d\x22\x74\x72\x61\x6e\x73\x6c\x61\
\x74\x65\x28\x2d\x33\x38\x20\x39\x36\x2e\x31\x29\x20\x72\x6f\x74\
\x61\x74\x65\x28\x2d\x34\x35\x2e\x33\x33\x29\x22\x2f\x3e\x3c\x6c\
\x69\x6e\x65\x20\x63\x6c\x61\x73\x73\x3d\x22\x63\x6c\x73\x2d\x33\
\x22\x20\x78\x31\x3d\x22\x32\x37\x2e\x32\x32\x22\x20\x79\x31\x3d\
\x22\x32\x35\x2e\x35\x34\x22\x20\x78\x32\x3d\x22\x39\x33\x2e\x38\
\x31\x22\x20\x79\x32\x3d\x22\x39\x31\x2e\x33\x36\x22\x2f\x3e\x3c\
\x2f\x73\x76\x67\x3e\
\x00\x00\x01\x57\
\x3c\
\x73\x76\x67\x20\x69\x64\x3d\x22\xe5\x9b\xbe\xe5\xb1\x82\x5f\x31\
\x22\x20\x64\x61\x74\x61\x2d\x6e\x61\x6d\x65\x3d\x22\xe5\x9b\xbe\
\xe5\xb1\x82\x20\x31\x22\x20\x78\x6d\x6c\x6e\x73\x3d\x22\x68\x74\
\x74\x70\x3a\x2f\x2f\x77\x77\x77\x2e\x77\x33\x2e\x6f\x72\x67\x2f\
\x32\x30\x30\x30\x2f\x73\x76\x67\x22\x20\x76\x69\x65\x77\x42\x6f\
\x78\x3d\x22\x30\x20\x30\x20\x31\x32\x30\x20\x31\x32\x30\x22\x3e\
\x3c\x64\x65\x66\x73\x3e\x3c\x73\x74\x79\x6c\x65\x3e\x2e\x63\x6c\
\x73\x2d\x31\x7b\x66\x69\x6c\x6c\x3a\x23\x63\x38\x65\x36\x63\x39\
\x3b\x7d\x2e\x63\x6c\x73\x2d\x32\x7b\x66\x69\x6c\x6c\x3a\x6e\x6f\
\x6e\x65\x3b\x73\x74\x72\x6f\x6b\x65\x3a\x23\x30\x30\x30\x3b\x73\
\x74\x72\x6f\x6b\x65\x2d\x6d\x69\x74\x65\x72\x6c\x69\x6d\x69\x74\
\x3a\x31\x30\x3b\x7d\x3c\x2f\x73\x74\x79\x6c\x65\x3e\x3c\x2f\x64\
\x65\x66\x73\x3e\x3c\x72\x65\x63\x74\x20\x63\x6c\x61\x73\x73\x3d\
\x22\x63\x6c\x73\x2d\x31\x22\x20\x78\x3d\x22\x33\x30\x2e\x38\x36\
\x22\x20\x79\x3d\x22\x33\x31\x2e\x30\x36\x22\x20\x77\x69\x64\x74\
\x68\x3d\x22\x36\x37\x2e\x34\x37\x22\x20\x68\x65\x69\x67\x68\x74\
\x3d\x22\x36\x37\x2e\x34\x37\x22\x2f\x3e\x3c\x72\x65\x63\x74\x20\
\x63\x6c\x61\x73\x73\x3d\x22\x63\x6c\x73\x2d\x32\x22\x20\x78\x3d\
\x22\x32\x35\x2e\x35\x38\x22\x20\x79\x3d\x22\x32\x34\x2e\x36\x33\
\x22\x20\x77\x69\x64\x74\x68\x3d\x22\x36\x37\x2e\x34\x37\x22\x20\
\x68\x65\x69\x67\x68\x74\x3d\x22\x36\x37\x2e\x34\x37\x22\x2f\x3e\
\x3c\x2f\x73\x76\x67\x3e\
\x00\x00\x02\x40\
\x3c\
\x73\x76\x67\x20\x69\x64\x3d\x22\xe5\x9b\xbe\xe5\xb1\x82\x5f\x31\
\x22\x20\x64\x61\x74\x61\x2d\x6e\x61\x6d\x65\x3d\x22\xe5\x9b\xbe\
\xe5\xb1\x82\x20\x31\x22\x20\x78\x6d\x6c\x6e\x73\x3d\x22\x68\x74\
\x74\x70\x3a\x2f\x2f\x77\x77\x77\x2e\x77\x33\x2e\x6f\x72\x67\x2f\
\x32\x30\x30\x30\x2f\x73\x76\x67\x22\x20\x76\x69\x65\x77\x42\x6f\
\x78\x3d\x22\x30\x20\x30\x20\x31\x32\x30\x20\x31\x32\x30\x22\x3e\
\x3c\x64\x65\x66\x73\x3e\x3c\x73\x74\x79\x6c\x65\x3e\x2e\x63\x6c\
\x73\x2d\x31\x7b\x66\x69\x6c\x6c\x3a\x23\x63\x38\x65\x36\x63\x39\
\x3b\x7d\x2e\x63\x6c\x73\x2d\x32\x7b\x66\x69\x6c\x6c\x3a\x6e\x6f\
\x6e\x65\x3b\x73\x74\x72\x6f\x6b\x65\x3a\x23\x30\x30\x30\x3b\x73\
\x74\x72\x6f\x6b\x65\x2d\x6d\x69\x74\x65\x72\x6c\x69\x6d\x69\x74\
\x3a\x31\x30\x3b\x7d\x3c\x2f\x73\x74\x79\x6c\x65\x3e\x3c\x2f\x64\
\x65\x66\x73\x3e\x3c\x70\x6f\x6c\x79\x67\x6f\x6e\x20\x63\x6c\x61\
\x73\x73\x3d\x22\x63\x6c\x73\x2d\x31\x22\x20\x70\x6f\x69\x6e\x74\
\x73\x3d\x22\x39\x39\x2e\x38\x39\x20\x39\x35\x2e\x35\x38\x20\x36\
\x39\x2e\x34\x35\x20\x36\x35\x2e\x34\x38\x20\x39\x39\x2e\x35\x34\
\x20\x33\x35\x2e\x30\x34\x20\x39\x32\x2e\x33\x20\x32\x37\x2e\x38\
\x39\x20\x36\x32\x2e\x32\x31\x20\x35\x38\x2e\x33\x33\x20\x33\x31\
\x2e\x37\x37\x20\x32\x38\x2e\x32\x34\x20\x32\x34\x2e\x36\x31\x20\
\x33\x35\x2e\x34\x38\x20\x35\x35\x2e\x30\x36\x20\x36\x35\x2e\x35\
\x37\x20\x32\x34\x2e\x39\x36\x20\x39\x36\x2e\x30\x31\x20\x33\x32\
\x2e\x32\x20\x31\x30\x33\x2e\x31\x37\x20\x36\x32\x2e\x33\x20\x37\
\x32\x2e\x37\x32\x20\x39\x32\x2e\x37\x34\x20\x31\x30\x32\x2e\x38\
\x31\x20\x39\x39\x2e\x38\x39\x20\x39\x35\x2e\x35\x38\x22\x2f\x3e\
\x3c\x70\x6f\x6c\x79\x67\x6f\x6e\x20\x63\x6c\x61\x73\x73\x3d\x22\
\x63\x6c\x73\x2d\x32\x22\x20\x70\x6f\x69\x6e\x74\x73\x3d\x22\x39\
\x37\x2e\x35\x37\x20\x39\x30\x2e\x36\x39\x20\x36\x37\x2e\x31\x33\
\x20\x36\x30\x2e\x36\x20\x39\x37\x2e\x32\x32\x20\x33\x30\x2e\x31\
\x36\x20\x38\x39\x2e\x39\x38\x20\x32\x33\x20\x35\x39\x2e\x38\x39\
\x20\x35\x33\x2e\x34\x34\x20\x32\x39\x2e\x34\x35\x20\x32\x33\x2e\
\x33\x35\x20\x32\x32\x2e\x32\x39\x20\x33\x30\x2e\x35\x39\x20\x35\
\x32\x2e\x37\x33\x20\x36\x30\x2e\x36\x38\x20\x32\x32\x2e\x36\x34\
\x20\x39\x31\x2e\x31\x32\x20\x32\x39\x2e\x38\x38\x20\x39\x38\x2e\
\x32\x38\x20\x35\x39\x2e\x39\x37\x20\x36\x37\x2e\x38\x34\x20\x39\
\x30\x2e\x34\x31\x20\x39\x37\x2e\x39\x33\x20\x39\x37\x2e\x35\x37\
\x20\x39\x30\x2e\x36\x39\x22\x2f\x3e\x3c\x2f\x73\x76\x67\x3e\
\x00\x00\x03\x4e\
\x3c\
\x73\x76\x67\x20\x69\x64\x3d\x22\xe5\x9b\xbe\xe5\xb1\x82\x5f\x31\
\x22\x20\x64\x61\x74\x61\x2d\x6e\x61\x6d\x65\x3d\x22\xe5\x9b\xbe\
\xe5\xb1\x82\x20\x31\x22\x20\x78\x6d\x6c\x6e\x73\x3d\x22\x68\x74\
\x74\x70\x3a\x2f\x2f\x77\x77\x77\x2e\x77\x33\x2e\x6f\x72\x67\x2f\
\x32\x30\x30\x30\x2f\x73\x76\x67\x22\x20\x76\x69\x65\x77\x42\x6f\
\x78\x3d\x22\x30\x20\x30\x20\x31\x32\x30\x20\x31\x32\x30\x22\x3e\
\x3c\x64\x65\x66\x73\x3e\x3c\x73\x74\x79\x6c\x65\x3e\x2e\x63\x6c\
\x73\x2d\x31\x7b\x66\x69\x6c\x6c\x3a\x23\x63\x38\x65\x36\x63\x39\
\x3b\x7d\x2e\x63\x6c\x73\x2d\x32\x7b\x66\x69\x6c\x6c\x3a\x6e\x6f\
\x6e\x65\x3b\x73\x74\x72\x6f\x6b\x65\x3a\x23\x30\x30\x30\x3b\x73\
\x74\x72\x6f\x6b\x65\x2d\x6d\x69\x74\x65\x72\x6c\x69\x6d\x69\x74\
\x3a\x31\x30\x3b\x7d\x3c\x2f\x73\x74\x79\x6c\x65\x3e\x3c\x2f\x64\
\x65\x66\x73\x3e\x3c\x72\x65\x63\x74\x20\x63\x6c\x61\x73\x73\x3d\
\x22\x63\x6c\x73\x2d\x31\x22\x20\x78\x3d\x22\x34\x32\x2e\x31\x37\
\x22\x20\x79\x3d\x22\x33\x35\x2e\x33\x22\x20\x77\x69\x64\x74\x68\
\x3d\x22\x35\x33\x2e\x37\x33\x22\x20\x68\x65\x69\x67\x68\x74\x3d\
\x22\x35\x30\x2e\x33\x36\x22\x20\x74\x72\x61\x6e\x73\x66\x6f\x72\
\x6d\x3d\x22\x74\x72\x61\x6e\x73\x6c\x61\x74\x65\x28\x35\x35\x2e\
\x32\x34\x20\x2d\x33\x30\x2e\x32\x36\x29\x20\x72\x6f\x74\x61\x74\
\x65\x28\x34\x30\x2e\x31\x34\x29\x22\x2f\x3e\x3c\x70\x61\x74\x68\
\x20\x63\x6c\x61\x73\x73\x3d\x22\x63\x6c\x73\x2d\x31\x22\x20\x64\
\x3d\x22\x4d\x34\x32\x2e\x35\x34\x2c\x36\x39\x2c\x36\x35\x2e\x31\
\x36\x2c\x38\x38\x6c\x2d\x38\x2c\x39\x2e\x35\x61\x31\x2e\x38\x2c\
\x31\x2e\x38\x2c\x30\x2c\x30\x2c\x31\x2d\x32\x2e\x35\x35\x2e\x32\
\x32\x4c\x33\x34\x2e\x37\x35\x2c\x38\x31\x61\x31\x2e\x38\x2c\x31\
\x2e\x38\x2c\x30\x2c\x30\x2c\x31\x2d\x2e\x32\x32\x2d\x32\x2e\x35\
\x35\x6c\x38\x2d\x39\x2e\x35\x6d\x2d\x2e\x34\x38\x2d\x35\x2e\x36\
\x34\x4c\x33\x31\x2e\x34\x37\x2c\x37\x35\x2e\x38\x38\x61\x35\x2e\
\x38\x31\x2c\x35\x2e\x38\x31\x2c\x30\x2c\x30\x2c\x30\x2c\x2e\x37\
\x2c\x38\x2e\x31\x39\x4c\x35\x32\x2c\x31\x30\x30\x2e\x38\x31\x61\
\x35\x2e\x38\x31\x2c\x35\x2e\x38\x31\x2c\x30\x2c\x30\x2c\x30\x2c\
\x38\x2e\x31\x39\x2d\x2e\x37\x4c\x37\x30\x2e\x38\x2c\x38\x37\x2e\
\x35\x35\x2c\x34\x32\x2e\x30\x36\x2c\x36\x33\x2e\x33\x32\x5a\x22\
\x2f\x3e\x3c\x72\x65\x63\x74\x20\x63\x6c\x61\x73\x73\x3d\x22\x63\
\x6c\x73\x2d\x32\x22\x20\x78\x3d\x22\x33\x38\x2e\x30\x31\x22\x20\
\x79\x3d\x22\x33\x30\x2e\x30\x32\x22\x20\x77\x69\x64\x74\x68\x3d\
\x22\x35\x33\x2e\x37\x33\x22\x20\x68\x65\x69\x67\x68\x74\x3d\x22\
\x35\x30\x2e\x33\x36\x22\x20\x74\x72\x61\x6e\x73\x66\x6f\x72\x6d\
\x3d\x22\x74\x72\x61\x6e\x73\x6c\x61\x74\x65\x28\x35\x30\x2e\x38\
\x36\x20\x2d\x32\x38\x2e\x38\x32\x29\x20\x72\x6f\x74\x61\x74\x65\
\x28\x34\x30\x2e\x31\x34\x29\x22\x2f\x3e\x3c\x70\x61\x74\x68\x20\
\x63\x6c\x61\x73\x73\x3d\x22\x63\x6c\x73\x2d\x32\x22\x20\x64\x3d\
\x22\x4d\x32\x34\x2e\x34\x39\x2c\x37\x32\x2e\x34\x39\x48\x36\x32\
\x2e\x30\x38\x61\x30\x2c\x30\x2c\x30\x2c\x30\x2c\x31\x2c\x30\x2c\
\x30\x56\x38\x33\x2e\x33\x61\x35\x2e\x38\x31\x2c\x35\x2e\x38\x31\
\x2c\x30\x2c\x30\x2c\x31\x2d\x35\x2e\x38\x31\x2c\x35\x2e\x38\x31\
\x68\x2d\x32\x36\x61\x35\x2e\x38\x31\x2c\x35\x2e\x38\x31\x2c\x30\
\x2c\x30\x2c\x31\x2d\x35\x2e\x38\x31\x2d\x35\x2e\x38\x31\x56\x37\
\x32\x2e\x34\x39\x61\x30\x2c\x30\x2c\x30\x2c\x30\x2c\x31\x2c\x30\
\x2c\x30\x5a\x22\x20\x74\x72\x61\x6e\x73\x66\x6f\x72\x6d\x3d\x22\
\x74\x72\x61\x6e\x73\x6c\x61\x74\x65\x28\x36\x32\x2e\x32\x38\x20\
\x2d\x38\x2e\x38\x37\x29\x20\x72\x6f\x74\x61\x74\x65\x28\x34\x30\
\x2e\x31\x34\x29\x22\x2f\x3e\x3c\x2f\x73\x76\x67\x3e\
\x00\x00\x00\xf6\
\x3c\
\x73\x76\x67\x20\x78\x6d\x6c\x6e\x73\x3d\x22\x68\x74\x74\x70\x3a\
\x2f\x2f\x77\x77\x77\x2e\x77\x33\x2e\x6f\x72\x67\x2f\x32\x30\x30\
\x30\x2f\x73\x76\x67\x22\x20\x76\x69\x65\x77\x42\x6f\x78\x3d\x22\
\x30\x20\x30\x20\x31\x32\x30\x20\x31\x32\x30\x22\x3e\x0a\x20\x20\
\x3c\x67\x20\x66\x69\x6c\x6c\x3d\x22\x23\x63\x38\x65\x36\x63\x39\
\x22\x20\x73\x74\x72\x6f\x6b\x65\x3d\x22\x23\x31\x31\x31\x22\x20\
\x73\x74\x72\x6f\x6b\x65\x2d\x77\x69\x64\x74\x68\x3d\x22\x37\x22\
\x20\x73\x74\x72\x6f\x6b\x65\x2d\x6c\x69\x6e\x65\x6a\x6f\x69\x6e\
\x3d\x22\x72\x6f\x75\x6e\x64\x22\x3e\x0a\x20\x20\x20\x20\x3c\x72\
\x65\x63\x74\x20\x78\x3d\x22\x31\x35\x22\x20\x79\x3d\x22\x32\x35\
\x22\x20\x77\x69\x64\x74\x68\x3d\x22\x34\x32\x22\x20\x68\x65\x69\
\x67\x68\x74\x3d\x22\x37\x30\x22\x2f\x3e\x3c\x72\x65\x63\x74\x20\
\x78\x3d\x22\x36\x33\x22\x20\x79\x3d\x22\x32\x35\x22\x20\x77\x69\
\x64\x74\x68\x3d\x22\x34\x32\x22\x20\x68\x65\x69\x67\x68\x74\x3d\
\x22\x37\x30\x22\x2f\x3e\x0a\x20\x20\x3c\x2f\x67\x3e\x0a\x3c\x2f\
\x73\x76\x67\x3e\x0a\
\x00\x00\x01\x85\
\x3c\
\x73\x76\x67\x20\x69\x64\x3d\x22\xe5\x9b\xbe\xe5\xb1\x82\x5f\x31\
\x22\x20\x64\x61\x74\x61\x2d\x6e\x61\x6d\x65\x3d\x22\xe5\x9b\xbe\
\xe5\xb1\x82\x20\x31\x22\x20\x78\x6d\x6c\x6e\x73\x3d\x22\x68\x74\
\x74\x70\x3a\x2f\x2f\x77\x77\x77\x2e\x77\x33\x2e\x6f\x72\x67\x2f\
\x32\x30\x30\x30\x2f\x73\x76\x67\x22\x20\x76\x69\x65\x77\x42\x6f\
\x78\x3d\x22\x30\x20\x30\x20\x31\x32\x30\x20\x31\x32\x30\x22\x3e\
\x3c\x64\x65\x66\x73\x3e\x3c\x73\x74\x79\x6c\x65\x3e\x2e\x63\x6c\
\x73\x2d\x31\x7b\x66\x69\x6c\x6c\x3a\x23\x63\x38\x65\x36\x63\x39\
\x3b\x7d\x2e\x63\x6c\x73\x2d\x32\x7b\x66\x69\x6c\x6c\x3a\x6e\x6f\
\x6e\x65\x3b\x73\x74\x72\x6f\x6b\x65\x3a\x23\x30\x30\x30\x3b\x73\
\x74\x72\x6f\x6b\x65\x2d\x6d\x69\x74\x65\x72\x6c\x69\x6d\x69\x74\
\x3a\x31\x30\x3b\x7d\x3c\x2f\x73\x74\x79\x6c\x65\x3e\x3c\x2f\x64\
\x65\x66\x73\x3e\x3c\x70\x6f\x6c\x79\x67\x6f\x6e\x20\x63\x6c\x61\
\x73\x73\x3d\x22\x63\x6c\x73\x2d\x31\x22\x20\x70\x6f\x69\x6e\x74\
\x73\x3d\x22\x36\x32\x2e\x36\x39\x20\x37\x37\x2e\x33\x36\x20\x39\
\x37\x2e\x31\x20\x37\x30\x2e\x38\x35\x20\x33\x36\x2e\x37\x33\x20\
\x32\x33\x2e\x37\x32\x20\x33\x36\x2e\x37\x33\x20\x31\x30\x30\x2e\
\x33\x32\x20\x36\x32\x2e\x36\x39\x20\x37\x37\x2e\x33\x36\x22\x2f\
\x3e\x3c\x70\x6f\x6c\x79\x67\x6f\x6e\x20\x63\x6c\x61\x73\x73\x3d\
\x22\x63\x6c\x73\x2d\x32\x22\x20\x70\x6f\x69\x6e\x74\x73\x3d\x22\
\x35\x36\x2e\x35\x31\x20\x37\x33\x2e\x33\x32\x20\x39\x30\x2e\x39\
\x32\x20\x36\x36\x2e\x38\x31\x20\x33\x30\x2e\x35\x35\x20\x31\x39\
\x2e\x36\x38\x20\x33\x30\x2e\x35\x35\x20\x39\x36\x2e\x32\x38\x20\
\x35\x36\x2e\x35\x31\x20\x37\x33\x2e\x33\x32\x22\x2f\x3e\x3c\x2f\
\x73\x76\x67\x3e\
\x00\x00\x04\xe9\
\x3c\
\x73\x76\x67\x20\x69\x64\x3d\x22\xe5\x9b\xbe\xe5\xb1\x82\x5f\x31\
\x22\x20\x64\x61\x74\x61\x2d\x6e\x61\x6d\x65\x3d\x22\xe5\x9b\xbe\
\xe5\xb1\x82\x20\x31\x22\x20\x78\x6d\x6c\x6e\x73\x3d\x22\x68\x74\
\x74\x70\x3a\x2f\x2f\x77\x77\x77\x2e\x77\x33\x2e\x6f\x72\x67\x2f\
\x32\x30\x30\x30\x2f\x73\x76\x67\x22\x20\x76\x69\x65\x77\x42\x6f\
\x78\x3d\x22\x30\x20\x30\x20\x31\x32\x30\x20\x31\x32\x30\x22\x3e\
\x3c\x64\x65\x66\x73\x3e\x3c\x73\x74\x79\x6c\x65\x3e\x2e\x63\x6c\
\x73\x2d\x31\x7b\x66\x69\x6c\x6c\x3a\x23\x63\x38\x65\x36\x63\x39\
\x3b\x7d\x2e\x63\x6c\x73\x2d\x32\x7b\x66\x69\x6c\x6c\x3a\x23\x66\
\x66\x66\x3b\x7d\x2e\x63\x6c\x73\x2d\x33\x7b\x66\x69\x6c\x6c\x3a\
\x6e\x6f\x6e\x65\x3b\x73\x74\x72\x6f\x6b\x65\x3a\x23\x30\x30\x30\
\x3b\x73\x74\x72\x6f\x6b\x65\x2d\x6d\x69\x74\x65\x72\x6c\x69\x6d\
\x69\x74\x3a\x31\x30\x3b\x7d\x3c\x2f\x73\x74\x79\x6c\x65\x3e\x3c\
\x2f\x64\x65\x66\x73\x3e\x3c\x72\x65\x63\x74\x20\x63\x6c\x61\x73\
\x73\x3d\x22\x63\x6c\x73\x2d\x31\x22\x20\x78\x3d\x22\x32\x39\x2e\
\x37\x36\x22\x20\x79\x3d\x22\x33\x31\x2e\x31\x33\x22\x20\x77\x69\
\x64\x74\x68\x3d\x22\x36\x36\x2e\x34\x34\x22\x20\x68\x65\x69\x67\
\x68\x74\x3d\x22\x36\x36\x2e\x34\x34\x22\x2f\x3e\x3c\x72\x65\x63\
\x74\x20\x63\x6c\x61\x73\x73\x3d\x22\x63\x6c\x73\x2d\x31\x22\x20\
\x78\x3d\x22\x32\x35\x2e\x32\x36\x22\x20\x79\x3d\x22\x32\x36\x2e\
\x36\x33\x22\x20\x77\x69\x64\x74\x68\x3d\x22\x39\x22\x20\x68\x65\
\x69\x67\x68\x74\x3d\x22\x39\x22\x2f\x3e\x3c\x70\x61\x74\x68\x20\
\x63\x6c\x61\x73\x73\x3d\x22\x63\x6c\x73\x2d\x32\x22\x20\x64\x3d\
\x22\x4d\x33\x32\x2e\x37\x36\x2c\x32\x38\x2e\x31\x33\x76\x36\x68\
\x2d\x36\x76\x2d\x36\x68\x36\x6d\x33\x2d\x33\x68\x2d\x31\x32\x76\
\x31\x32\x68\x31\x32\x76\x2d\x31\x32\x5a\x22\x2f\x3e\x3c\x72\x65\
\x63\x74\x20\x63\x6c\x61\x73\x73\x3d\x22\x63\x6c\x73\x2d\x31\x22\
\x20\x78\x3d\x22\x39\x31\x2e\x37\x31\x22\x20\x79\x3d\x22\x32\x36\
\x2e\x36\x33\x22\x20\x77\x69\x64\x74\x68\x3d\x22\x39\x22\x20\x68\
\x65\x69\x67\x68\x74\x3d\x22\x39\x22\x2f\x3e\x3c\x70\x61\x74\x68\
\x20\x63\x6c\x61\x73\x73\x3d\x22\x63\x6c\x73\x2d\x32\x22\x20\x64\
\x3d\x22\x4d\x39\x39\x2e\x32\x31\x2c\x32\x38\x2e\x31\x33\x76\x36\
\x68\x2d\x36\x76\x2d\x36\x68\x36\x6d\x33\x2d\x33\x68\x2d\x31\x32\
\x76\x31\x32\x68\x31\x32\x76\x2d\x31\x32\x5a\x22\x2f\x3e\x3c\x72\
\x65\x63\x74\x20\x63\x6c\x61\x73\x73\x3d\x22\x63\x6c\x73\x2d\x31\
\x22\x20\x78\x3d\x22\x32\x35\x2e\x32\x36\x22\x20\x79\x3d\x22\x39\
\x33\x2e\x30\x37\x22\x20\x77\x69\x64\x74\x68\x3d\x22\x39\x22\x20\
\x68\x65\x69\x67\x68\x74\x3d\x22\x39\x22\x2f\x3e\x3c\x70\x61\x74\
\x68\x20\x63\x6c\x61\x73\x73\x3d\x22\x63\x6c\x73\x2d\x32\x22\x20\
\x64\x3d\x22\x4d\x33\x32\x2e\x37\x36\x2c\x39\x34\x2e\x35\x37\x76\
\x36\x68\x2d\x36\x76\x2d\x36\x68\x36\x6d\x33\x2d\x33\x68\x2d\x31\
\x32\x76\x31\x32\x68\x31\x32\x76\x2d\x31\x32\x5a\x22\x2f\x3e\x3c\
\x72\x65\x63\x74\x20\x63\x6c\x61\x73\x73\x3d\x22\x63\x6c\x73\x2d\
\x31\x22\x20\x78\x3d\x22\x39\x31\x2e\x37\x31\x22\x20\x79\x3d\x22\
\x39\x33\x2e\x30\x37\x22\x20\x77\x69\x64\x74\x68\x3d\x22\x39\x22\
\x20\x68\x65\x69\x67\x68\x74\x3d\x22\x39\x22\x2f\x3e\x3c\x70\x61\
\x74\x68\x20\x63\x6c\x61\x73\x73\x3d\x22\x63\x6c\x73\x2d\x32\x22\
\x20\x64\x3d\x22\x4d\x39\x39\x2e\x32\x31\x2c\x39\x34\x2e\x35\x37\
\x76\x36\x68\x2d\x36\x76\x2d\x36\x68\x36\x6d\x33\x2d\x33\x68\x2d\
\x31\x32\x76\x31\x32\x68\x31\x32\x76\x2d\x31\x32\x5a\x22\x2f\x3e\
\x3c\x6c\x69\x6e\x65\x20\x63\x6c\x61\x73\x73\x3d\x22\x63\x6c\x73\
\x2d\x33\x22\x20\x78\x31\x3d\x22\x39\x33\x2e\x33\x34\x22\x20\x79\
\x31\x3d\x22\x33\x32\x2e\x34\x37\x22\x20\x78\x32\x3d\x22\x39\x33\
\x2e\x33\x34\x22\x20\x79\x32\x3d\x22\x39\x31\x2e\x38\x37\x22\x2f\
\x3e\x3c\x70\x61\x74\x68\x20\x64\x3d\x22\x4d\x32\x39\x2e\x39\x2c\
\x32\x35\x2e\x34\x33\x76\x36\x68\x2d\x36\x76\x2d\x36\x68\x36\x6d\
\x31\x2d\x31\x68\x2d\x38\x76\x38\x68\x38\x76\x2d\x38\x5a\x22\x2f\
\x3e\x3c\x70\x61\x74\x68\x20\x64\x3d\x22\x4d\x39\x36\x2e\x33\x34\
\x2c\x32\x35\x2e\x34\x33\x76\x36\x68\x2d\x36\x76\x2d\x36\x68\x36\
\x6d\x31\x2d\x31\x68\x2d\x38\x76\x38\x68\x38\x76\x2d\x38\x5a\x22\
\x2f\x3e\x3c\x70\x61\x74\x68\x20\x64\x3d\x22\x4d\x32\x39\x2e\x39\
\x2c\x39\x31\x2e\x38\x37\x76\x36\x68\x2d\x36\x76\x2d\x36\x68\x36\
\x6d\x31\x2d\x31\x68\x2d\x38\x76\x38\x68\x38\x76\x2d\x38\x5a\x22\
\x2f\x3e\x3c\x70\x61\x74\x68\x20\x64\x3d\x22\x4d\x39\x36\x2e\x33\
\x34\x2c\x39\x31\x2e\x38\x37\x76\x36\x68\x2d\x36\x76\x2d\x36\x68\
\x36\x6d\x31\x2d\x31\x68\x2d\x38\x76\x38\x68\x38\x76\x2d\x38\x5a\
\x22\x2f\x3e\x3c\x6c\x69\x6e\x65\x20\x63\x6c\x61\x73\x73\x3d\x22\
\x63\x6c\x73\x2d\x33\x22\x20\x78\x31\x3d\x22\x32\x36\x2e\x39\x22\
\x20\x79\x31\x3d\x22\x33\x31\x2e\x34\x33\x22\x20\x78\x32\x3d\x22\
\x32\x36\x2e\x39\x22\x20\x79\x32\x3d\x22\x39\x31\x2e\x38\x37\x22\
\x2f\x3e\x3c\x6c\x69\x6e\x65\x20\x63\x6c\x61\x73\x73\x3d\x22\x63\
\x6c\x73\x2d\x33\x22\x20\x78\x31\x3d\x22\x32\x39\x2e\x39\x22\x20\
\x79\x31\x3d\x22\x32\x38\x2e\x34\x33\x22\x20\x78\x32\x3d\x22\x39\
\x30\x2e\x33\x34\x22\x20\x79\x32\x3d\x22\x32\x38\x2e\x34\x33\x22\
\x2f\x3e\x3c\x6c\x69\x6e\x65\x20\x63\x6c\x61\x73\x73\x3d\x22\x63\
\x6c\x73\x2d\x33\x22\x20\x78\x31\x3d\x22\x39\x30\x2e\x33\x34\x22\
\x20\x79\x31\x3d\x22\x39\x34\x2e\x38\x37\x22\x20\x78\x32\x3d\x22\
\x32\x39\x2e\x39\x22\x20\x79\x32\x3d\x22\x39\x34\x2e\x38\x37\x22\
\x2f\x3e\x3c\x2f\x73\x76\x67\x3e\
\x00\x00\x01\xe3\
\x3c\
\x73\x76\x67\x20\x69\x64\x3d\x22\xe5\x9b\xbe\xe5\xb1\x82\x5f\x31\
\x22\x20\x64\x61\x74\x61\x2d\x6e\x61\x6d\x65\x3d\x22\xe5\x9b\xbe\
\xe5\xb1\x82\x20\x31\x22\x20\x78\x6d\x6c\x6e\x73\x3d\x22\x68\x74\
\x74\x70\x3a\x2f\x2f\x77\x77\x77\x2e\x77\x33\x2e\x6f\x72\x67\x2f\
\x32\x30\x30\x30\x2f\x73\x76\x67\x22\x20\x76\x69\x65\x77\x42\x6f\
\x78\x3d\x22\x30\x20\x30\x20\x31\x32\x30\x20\x31\x32\x30\x22\x3e\
\x3c\x64\x65\x66\x73\x3e\x3c\x73\x74\x79\x6c\x65\x3e\x2e\x63\x6c\
\x73\x2d\x31\x7b\x66\x69\x6c\x6c\x3a\x23\x63\x38\x65\x36\x63\x39\
\x3b\x7d\x2e\x63\x6c\x73\x2d\x32\x7b\x66\x69\x6c\x6c\x3a\x6e\x6f\
\x6e\x65\x3b\x73\x74\x72\x6f\x6b\x65\x3a\x23\x30\x30\x30\x3b\x73\
\x74\x72\x6f\x6b\x65\x2d\x6d\x69\x74\x65\x72\x6c\x69\x6d\x69\x74\
\x3a\x31\x30\x3b\x7d\x3c\x2f\x73\x74\x79\x6c\x65\x3e\x3c\x2f\x64\
\x65\x66\x73\x3e\x3c\x70\x6f\x6c\x79\x67\x6f\x6e\x20\x63\x6c\x61\
\x73\x73\x3d\x22\x63\x6c\x73\x2d\x31\x22\x20\x70\x6f\x69\x6e\x74\
\x73\x3d\x22\x31\x30\x33\x2e\x38\x20\x37\x34\x2e\x37\x36\x20\x37\
\x36\x2e\x37\x37\x20\x37\x34\x2e\x37\x36\x20\x35\x31\x2e\x38\x32\
\x20\x37\x34\x2e\x37\x36\x20\x32\x34\x2e\x37\x38\x20\x37\x34\x2e\
\x37\x36\x20\x32\x34\x2e\x37\x38\x20\x35\x30\x2e\x35\x32\x20\x35\
\x31\x2e\x38\x32\x20\x35\x30\x2e\x35\x32\x20\x37\x36\x2e\x37\x37\
\x20\x35\x30\x2e\x35\x32\x20\x31\x30\x33\x2e\x38\x20\x35\x30\x2e\
\x35\x32\x20\x31\x30\x33\x2e\x38\x20\x37\x34\x2e\x37\x36\x22\x2f\
\x3e\x3c\x70\x6f\x6c\x79\x67\x6f\x6e\x20\x63\x6c\x61\x73\x73\x3d\
\x22\x63\x6c\x73\x2d\x32\x22\x20\x70\x6f\x69\x6e\x74\x73\x3d\x22\
\x39\x38\x2e\x35\x32\x20\x37\x30\x2e\x31\x35\x20\x37\x31\x2e\x34\
\x38\x20\x37\x30\x2e\x31\x35\x20\x34\x36\x2e\x35\x33\x20\x37\x30\
\x2e\x31\x35\x20\x31\x39\x2e\x35\x20\x37\x30\x2e\x31\x35\x20\x31\
\x39\x2e\x35\x20\x34\x35\x2e\x39\x32\x20\x34\x36\x2e\x35\x33\x20\
\x34\x35\x2e\x39\x32\x20\x37\x31\x2e\x34\x38\x20\x34\x35\x2e\x39\
\x32\x20\x39\x38\x2e\x35\x32\x20\x34\x35\x2e\x39\x32\x20\x39\x38\
\x2e\x35\x32\x20\x37\x30\x2e\x31\x35\x22\x2f\x3e\x3c\x2f\x73\x76\
\x67\x3e\
\x00\x00\x01\x85\
\x3c\
\x73\x76\x67\x20\x69\x64\x3d\x22\xe5\x9b\xbe\xe5\xb1\x82\x5f\x31\
\x22\x20\x64\x61\x74\x61\x2d\x6e\x61\x6d\x65\x3d\x22\xe5\x9b\xbe\
\xe5\xb1\x82\x20\x31\x22\x20\x78\x6d\x6c\x6e\x73\x3d\x22\x68\x74\
\x74\x70\x3a\x2f\x2f\x77\x77\x77\x2e\x77\x33\x2e\x6f\x72\x67\x2f\
\x32\x30\x30\x30\x2f\x73\x76\x67\x22\x20\x76\x69\x65\x77\x42\x6f\
\x78\x3d\x22\x30\x20\x30\x20\x31\x32\x30\x20\x31\x32\x30\x22\x3e\
\x3c\x64\x65\x66\x73\x3e\x3c\x73\x74\x79\x6c\x65\x3e\x2e\x63\x6c\
\x73\x2d\x31\x7b\x66\x69\x6c\x6c\x3a\x23\x63\x38\x65\x36\x63\x39\
\x3b\x7d\x2e\x63\x6c\x73\x2d\x32\x7b\x66\x69\x6c\x6c\x3a\x6e\x6f\
\x6e\x65\x3b\x73\x74\x72\x6f\x6b\x65\x3a\x23\x30\x30\x30\x3b\x73\
\x74\x72\x6f\x6b\x65\x2d\x6d\x69\x74\x65\x72\x6c\x69\x6d\x69\x74\
\x3a\x31\x30\x3b\x7d\x2e\x63\x6c\x73\x2d\x33\x7b\x6f\x70\x61\x63\
\x69\x74\x79\x3a\x30\x2e\x33\x32\x3b\x7d\x3c\x2f\x73\x74\x79\x6c\
\x65\x3e\x3c\x2f\x64\x65\x66\x73\x3e\x3c\x63\x69\x72\x63\x6c\x65\
\x20\x63\x6c\x61\x73\x73\x3d\x22\x63\x6c\x73\x2d\x31\x22\x20\x63\
\x78\x3d\x22\x37\x35\x2e\x34\x31\x22\x20\x63\x79\x3d\x22\x37\x37\
\x2e\x31\x33\x22\x20\x72\x3d\x22\x32\x37\x2e\x35\x35\x22\x2f\x3e\
\x3c\x63\x69\x72\x63\x6c\x65\x20\x63\x6c\x61\x73\x73\x3d\x22\x63\
\x6c\x73\x2d\x32\x22\x20\x63\x78\x3d\x22\x36\x33\x2e\x37\x31\x22\
\x20\x63\x79\x3d\x22\x34\x34\x2e\x38\x35\x22\x20\x72\x3d\x22\x32\
\x35\x2e\x35\x33\x22\x2f\x3e\x3c\x63\x69\x72\x63\x6c\x65\x20\x63\
\x6c\x61\x73\x73\x3d\x22\x63\x6c\x73\x2d\x33\x22\x20\x63\x78\x3d\
\x22\x34\x31\x2e\x39\x34\x22\x20\x63\x79\x3d\x22\x37\x32\x2e\x37\
\x31\x22\x20\x72\x3d\x22\x32\x33\x2e\x33\x36\x22\x2f\x3e\x3c\x2f\
\x73\x76\x67\x3e\
\x00\x00\x00\xf6\
\x3c\
\x73\x76\x67\x20\x78\x6d\x6c\x6e\x73\x3d\x22\x68\x74\x74\x70\x3a\
\x2f\x2f\x77\x77\x77\x2e\x77\x33\x2e\x6f\x72\x67\x2f\x32\x30\x30\
\x30\x2f\x73\x76\x67\x22\x20\x76\x69\x65\x77\x42\x6f\x78\x3d\x22\
\x30\x20\x30\x20\x31\x32\x30\x20\x31\x32\x30\x22\x3e\x0a\x20\x20\
\x3c\x67\x20\x66\x69\x6c\x6c\x3d\x22\x23\x63\x38\x65\x36\x63\x39\
\x22\x20\x73\x74\x72\x6f\x6b\x65\x3d\x22\x23\x31\x31\x31\x22\x20\
\x73\x74\x72\x6f\x6b\x65\x2d\x77\x69\x64\x74\x68\x3d\x22\x37\x22\
\x20\x73\x74\x72\x6f\x6b\x65\x2d\x6c\x69\x6e\x65\x6a\x6f\x69\x6e\
\x3d\x22\x72\x6f\x75\x6e\x64\x22\x3e\x0a\x20\x20\x20\x20\x3c\x72\
\x65\x63\x74\x20\x78\x3d\x22\x32\x35\x22\x20\x79\x3d\x22\x31\x35\
\x22\x20\x77\x69\x64\x74\x68\x3d\x22\x37\x30\x22\x20\x68\x65\x69\
\x67\x68\x74\x3d\x22\x34\x32\x22\x2f\x3e\x3c\x72\x65\x63\x74\x20\
\x78\x3d\x22\x32\x35\x22\x20\x79\x3d\x22\x36\x33\x22\x20\x77\x69\
\x64\x74\x68\x3d\x22\x37\x30\x22\x20\x68\x65\x69\x67\x68\x74\x3d\
\x22\x34\x32\x22\x2f\x3e\x0a\x20\x20\x3c\x2f\x67\x3e\x0a\x3c\x2f\
\x73\x76\x67\x3e\x0a\
\x00\x00\x01\x46\
\x3c\
\x73\x76\x67\x20\x78\x6d\x6c\x6e\x73\x3d\x22\x68\x74\x74\x70\x3a\
\x2f\x2f\x77\x77\x77\x2e\x77\x33\x2e\x6f\x72\x67\x2f\x32\x30\x30\
\x30\x2f\x73\x76\x67\x22\x20\x76\x69\x65\x77\x42\x6f\x78\x3d\x22\
\x30\x20\x30\x20\x31\x32\x30\x20\x31\x32\x30\x22\x3e\x0a\x20\x20\
\x3c\x70\x61\x74\x68\x20\x64\x3d\x22\x4d\x33\x30\x20\x33\x38\x56\
\x31\x37\x4c\x31\x32\x20\x33\x35\x6c\x31\x38\x20\x31\x38\x56\x34\
\x31\x63\x32\x31\x2d\x31\x37\x20\x35\x35\x2d\x37\x20\x35\x39\x20\
\x32\x30\x20\x34\x20\x32\x35\x2d\x32\x30\x20\x34\x35\x2d\x34\x34\
\x20\x33\x36\x22\x20\x66\x69\x6c\x6c\x3d\x22\x6e\x6f\x6e\x65\x22\
\x20\x73\x74\x72\x6f\x6b\x65\x3d\x22\x23\x31\x31\x31\x22\x20\x73\
\x74\x72\x6f\x6b\x65\x2d\x77\x69\x64\x74\x68\x3d\x22\x37\x22\x20\
\x73\x74\x72\x6f\x6b\x65\x2d\x6c\x69\x6e\x65\x63\x61\x70\x3d\x22\
\x72\x6f\x75\x6e\x64\x22\x20\x73\x74\x72\x6f\x6b\x65\x2d\x6c\x69\
\x6e\x65\x6a\x6f\x69\x6e\x3d\x22\x72\x6f\x75\x6e\x64\x22\x2f\x3e\
\x0a\x20\x20\x3c\x72\x65\x63\x74\x20\x78\x3d\x22\x34\x35\x22\x20\
\x79\x3d\x22\x34\x33\x22\x20\x77\x69\x64\x74\x68\x3d\x22\x34\x38\
\x22\x20\x68\x65\x69\x67\x68\x74\x3d\x22\x34\x38\x22\x20\x66\x69\
\x6c\x6c\x3d\x22\x23\x63\x38\x65\x36\x63\x39\x22\x20\x73\x74\x72\
\x6f\x6b\x65\x3d\x22\x23\x31\x31\x31\x22\x20\x73\x74\x72\x6f\x6b\
\x65\x2d\x77\x69\x64\x74\x68\x3d\x22\x36\x22\x2f\x3e\x0a\x3c\x2f\
\x73\x76\x67\x3e\x0a\
\x00\x00\x04\x0a\
\x3c\
\x73\x76\x67\x20\x69\x64\x3d\x22\xe5\x9b\xbe\xe5\xb1\x82\x5f\x31\
\x22\x20\x64\x61\x74\x61\x2d\x6e\x61\x6d\x65\x3d\x22\xe5\x9b\xbe\
\xe5\xb1\x82\x20\x31\x22\x20\x78\x6d\x6c\x6e\x73\x3d\x22\x68\x74\
\x74\x70\x3a\x2f\x2f\x77\x77\x77\x2e\x77\x33\x2e\x6f\x72\x67\x2f\
\x32\x30\x30\x30\x2f\x73\x76\x67\x22\x20\x76\x69\x65\x77\x42\x6f\
\x78\x3d\x22\x30\x20\x30\x20\x31\x32\x30\x20\x31\x32\x30\x22\x3e\
\x3c\x64\x65\x66\x73\x3e\x3c\x73\x74\x79\x6c\x65\x3e\x2e\x63\x6c\
\x73\x2d\x31\x7b\x66\x69\x6c\x6c\x3a\x23\x63\x38\x65\x36\x63\x39\
\x3b\x7d\x2e\x63\x6c\x73\x2d\x32\x7b\x66\x69\x6c\x6c\x3a\x6e\x6f\
\x6e\x65\x3b\x73\x74\x72\x6f\x6b\x65\x3a\x23\x30\x30\x30\x3b\x73\
\x74\x72\x6f\x6b\x65\x2d\x6d\x69\x74\x65\x72\x6c\x69\x6d\x69\x74\
\x3a\x31\x30\x3b\x7d\x3c\x2f\x73\x74\x79\x6c\x65\x3e\x3c\x2f\x64\
\x65\x66\x73\x3e\x3c\x70\x61\x74\x68\x20\x63\x6c\x61\x73\x73\x3d\
\x22\x63\x6c\x73\x2d\x31\x22\x20\x64\x3d\x22\x4d\x39\x38\x2c\x36\
\x35\x2e\x36\x31\x63\x2d\x31\x2e\x36\x37\x2d\x2e\x31\x36\x2d\x33\
\x2e\x33\x36\x2d\x2e\x33\x32\x2d\x35\x2d\x2e\x34\x34\x6c\x2d\x31\
\x2e\x36\x31\x2d\x2e\x31\x32\x56\x38\x35\x2e\x37\x31\x41\x39\x2e\
\x34\x2c\x39\x2e\x34\x2c\x30\x2c\x30\x2c\x31\x2c\x38\x32\x2c\x39\
\x35\x2e\x30\x39\x48\x34\x32\x61\x39\x2e\x34\x2c\x39\x2e\x34\x2c\
\x30\x2c\x30\x2c\x31\x2d\x39\x2e\x33\x39\x2d\x39\x2e\x33\x38\x56\
\x34\x37\x2e\x33\x31\x41\x39\x2e\x34\x2c\x39\x2e\x34\x2c\x30\x2c\
\x30\x2c\x31\x2c\x34\x32\x2c\x33\x37\x2e\x39\x32\x48\x36\x32\x2e\
\x35\x76\x2d\x38\x48\x34\x32\x41\x31\x37\x2e\x34\x31\x2c\x31\x37\
\x2e\x34\x31\x2c\x30\x2c\x30\x2c\x30\x2c\x32\x34\x2e\x36\x34\x2c\
\x34\x37\x2e\x33\x31\x76\x33\x38\x2e\x34\x41\x31\x37\x2e\x34\x31\
\x2c\x31\x37\x2e\x34\x31\x2c\x30\x2c\x30\x2c\x30\x2c\x34\x32\x2c\
\x31\x30\x33\x2e\x30\x39\x48\x38\x32\x41\x31\x37\x2e\x34\x31\x2c\
\x31\x37\x2e\x34\x31\x2c\x30\x2c\x30\x2c\x30\x2c\x39\x39\x2e\x33\
\x34\x2c\x38\x35\x2e\x37\x31\x76\x2d\x32\x30\x5a\x22\x2f\x3e\x3c\
\x70\x61\x74\x68\x20\x63\x6c\x61\x73\x73\x3d\x22\x63\x6c\x73\x2d\
\x31\x22\x20\x64\x3d\x22\x4d\x36\x30\x2e\x34\x37\x2c\x36\x36\x2e\
\x31\x37\x43\x36\x33\x2c\x34\x37\x2e\x30\x38\x2c\x37\x33\x2e\x36\
\x2c\x33\x35\x2e\x34\x39\x2c\x38\x36\x2e\x34\x33\x2c\x33\x35\x2e\
\x32\x33\x56\x32\x35\x2e\x31\x35\x6c\x31\x39\x2e\x34\x32\x2c\x31\
\x38\x2e\x32\x39\x4c\x38\x36\x2e\x35\x33\x2c\x36\x30\x6c\x30\x2d\
\x39\x2e\x33\x38\x43\x37\x36\x2e\x39\x33\x2c\x35\x30\x2e\x37\x33\
\x2c\x37\x30\x2e\x33\x33\x2c\x35\x31\x2e\x33\x2c\x36\x30\x2e\x34\
\x37\x2c\x36\x36\x2e\x31\x37\x5a\x22\x2f\x3e\x3c\x70\x61\x74\x68\
\x20\x63\x6c\x61\x73\x73\x3d\x22\x63\x6c\x73\x2d\x32\x22\x20\x64\
\x3d\x22\x4d\x39\x35\x2e\x37\x2c\x36\x31\x2e\x33\x36\x63\x2d\x31\
\x2e\x36\x37\x2d\x2e\x31\x35\x2d\x33\x2e\x33\x36\x2d\x2e\x33\x31\
\x2d\x35\x2d\x2e\x34\x34\x6c\x2d\x31\x2e\x36\x31\x2d\x2e\x31\x32\
\x56\x38\x31\x2e\x34\x36\x61\x39\x2e\x34\x2c\x39\x2e\x34\x2c\x30\
\x2c\x30\x2c\x31\x2d\x39\x2e\x33\x39\x2c\x39\x2e\x33\x39\x48\x33\
\x39\x2e\x37\x36\x61\x39\x2e\x34\x2c\x39\x2e\x34\x2c\x30\x2c\x30\
\x2c\x31\x2d\x39\x2e\x33\x39\x2d\x39\x2e\x33\x39\x56\x34\x33\x2e\
\x30\x36\x61\x39\x2e\x34\x2c\x39\x2e\x34\x2c\x30\x2c\x30\x2c\x31\
\x2c\x39\x2e\x33\x39\x2d\x39\x2e\x33\x39\x48\x36\x30\x2e\x32\x33\
\x76\x2d\x38\x48\x33\x39\x2e\x37\x36\x41\x31\x37\x2e\x34\x31\x2c\
\x31\x37\x2e\x34\x31\x2c\x30\x2c\x30\x2c\x30\x2c\x32\x32\x2e\x33\
\x37\x2c\x34\x33\x2e\x30\x36\x76\x33\x38\x2e\x34\x41\x31\x37\x2e\
\x34\x31\x2c\x31\x37\x2e\x34\x31\x2c\x30\x2c\x30\x2c\x30\x2c\x33\
\x39\x2e\x37\x36\x2c\x39\x38\x2e\x38\x35\x48\x37\x39\x2e\x36\x37\
\x41\x31\x37\x2e\x34\x31\x2c\x31\x37\x2e\x34\x31\x2c\x30\x2c\x30\
\x2c\x30\x2c\x39\x37\x2e\x30\x36\x2c\x38\x31\x2e\x34\x36\x76\x2d\
\x32\x30\x5a\x22\x2f\x3e\x3c\x70\x61\x74\x68\x20\x63\x6c\x61\x73\
\x73\x3d\x22\x63\x6c\x73\x2d\x32\x22\x20\x64\x3d\x22\x4d\x35\x38\
\x2e\x32\x2c\x36\x31\x2e\x39\x33\x63\x32\x2e\x35\x33\x2d\x31\x39\
\x2e\x31\x2c\x31\x33\x2e\x31\x32\x2d\x33\x30\x2e\x36\x39\x2c\x32\
\x36\x2d\x33\x30\x2e\x39\x35\x56\x32\x30\x2e\x39\x31\x6c\x31\x39\
\x2e\x34\x32\x2c\x31\x38\x2e\x32\x38\x4c\x38\x34\x2e\x32\x35\x2c\
\x35\x35\x2e\x37\x37\x6c\x30\x2d\x39\x2e\x33\x38\x43\x37\x34\x2e\
\x36\x35\x2c\x34\x36\x2e\x34\x38\x2c\x36\x38\x2e\x30\x35\x2c\x34\
\x37\x2e\x30\x35\x2c\x35\x38\x2e\x32\x2c\x36\x31\x2e\x39\x33\x5a\
\x22\x2f\x3e\x3c\x2f\x73\x76\x67\x3e\
\x00\x00\x01\x53\
\x3c\
\x73\x76\x67\x20\x78\x6d\x6c\x6e\x73\x3d\x22\x68\x74\x74\x70\x3a\
\x2f\x2f\x77\x77\x77\x2e\x77\x33\x2e\x6f\x72\x67\x2f\x32\x30\x30\
\x30\x2f\x73\x76\x67\x22\x20\x76\x69\x65\x77\x42\x6f\x78\x3d\x22\
\x30\x20\x30\x20\x31\x32\x30\x20\x31\x32\x30\x22\x3e\x0a\x20\x20\
\x3c\x67\x20\x66\x69\x6c\x6c\x3d\x22\x23\x63\x38\x65\x36\x63\x39\
\x22\x20\x73\x74\x72\x6f\x6b\x65\x3d\x22\x23\x31\x31\x31\x22\x20\
\x73\x74\x72\x6f\x6b\x65\x2d\x77\x69\x64\x74\x68\x3d\x22\x37\x22\
\x20\x73\x74\x72\x6f\x6b\x65\x2d\x6c\x69\x6e\x65\x6a\x6f\x69\x6e\
\x3d\x22\x72\x6f\x75\x6e\x64\x22\x3e\x0a\x20\x20\x20\x20\x3c\x72\
\x65\x63\x74\x20\x78\x3d\x22\x31\x38\x22\x20\x79\x3d\x22\x31\x38\
\x22\x20\x77\x69\x64\x74\x68\x3d\x22\x33\x38\x22\x20\x68\x65\x69\
\x67\x68\x74\x3d\x22\x33\x38\x22\x2f\x3e\x3c\x72\x65\x63\x74\x20\
\x78\x3d\x22\x36\x34\x22\x20\x79\x3d\x22\x31\x38\x22\x20\x77\x69\
\x64\x74\x68\x3d\x22\x33\x38\x22\x20\x68\x65\x69\x67\x68\x74\x3d\
\x22\x33\x38\x22\x2f\x3e\x0a\x20\x20\x20\x20\x3c\x72\x65\x63\x74\
\x20\x78\x3d\x22\x31\x38\x22\x20\x79\x3d\x22\x36\x34\x22\x20\x77\
\x69\x64\x74\x68\x3d\x22\x33\x38\x22\x20\x68\x65\x69\x67\x68\x74\
\x3d\x22\x33\x38\x22\x2f\x3e\x3c\x72\x65\x63\x74\x20\x78\x3d\x22\
\x36\x34\x22\x20\x79\x3d\x22\x36\x34\x22\x20\x77\x69\x64\x74\x68\
\x3d\x22\x33\x38\x22\x20\x68\x65\x69\x67\x68\x74\x3d\x22\x33\x38\
\x22\x2f\x3e\x0a\x20\x20\x3c\x2f\x67\x3e\x0a\x3c\x2f\x73\x76\x67\
\x3e\x0a\
\x00\x00\x02\x3d\
\x3c\
\x73\x76\x67\x20\x69\x64\x3d\x22\xe5\x9b\xbe\xe5\xb1\x82\x5f\x31\
\x22\x20\x64\x61\x74\x61\x2d\x6e\x61\x6d\x65\x3d\x22\xe5\x9b\xbe\
\xe5\xb1\x82\x20\x31\x22\x20\x78\x6d\x6c\x6e\x73\x3d\x22\x68\x74\
\x74\x70\x3a\x2f\x2f\x77\x77\x77\x2e\x77\x33\x2e\x6f\x72\x67\x2f\
\x32\x30\x30\x30\x2f\x73\x76\x67\x22\x20\x76\x69\x65\x77\x42\x6f\
\x78\x3d\x22\x30\x20\x30\x20\x31\x32\x30\x20\x31\x32\x30\x22\x3e\
\x3c\x64\x65\x66\x73\x3e\x3c\x73\x74\x79\x6c\x65\x3e\x2e\x63\x6c\
\x73\x2d\x31\x7b\x66\x69\x6c\x6c\x3a\x23\x63\x38\x65\x36\x63\x39\
\x3b\x7d\x2e\x63\x6c\x73\x2d\x32\x7b\x66\x69\x6c\x6c\x3a\x6e\x6f\
\x6e\x65\x3b\x73\x74\x72\x6f\x6b\x65\x3a\x23\x30\x30\x30\x3b\x73\
\x74\x72\x6f\x6b\x65\x2d\x6d\x69\x74\x65\x72\x6c\x69\x6d\x69\x74\
\x3a\x31\x30\x3b\x7d\x3c\x2f\x73\x74\x79\x6c\x65\x3e\x3c\x2f\x64\
\x65\x66\x73\x3e\x3c\x70\x6f\x6c\x79\x67\x6f\x6e\x20\x63\x6c\x61\
\x73\x73\x3d\x22\x63\x6c\x73\x2d\x31\x22\x20\x70\x6f\x69\x6e\x74\
\x73\x3d\x22\x31\x30\x30\x20\x37\x34\x2e\x33\x38\x20\x37\x33\x2e\
\x38\x20\x37\x34\x2e\x33\x38\x20\x37\x33\x2e\x38\x20\x31\x30\x30\
\x2e\x35\x38\x20\x34\x39\x2e\x36\x33\x20\x31\x30\x30\x2e\x35\x38\
\x20\x34\x39\x2e\x36\x33\x20\x37\x34\x2e\x33\x38\x20\x32\x33\x2e\
\x34\x34\x20\x37\x34\x2e\x33\x38\x20\x32\x33\x2e\x34\x34\x20\x35\
\x30\x2e\x32\x31\x20\x34\x39\x2e\x36\x33\x20\x35\x30\x2e\x32\x31\
\x20\x34\x39\x2e\x36\x33\x20\x32\x34\x2e\x30\x31\x20\x37\x33\x2e\
\x38\x20\x32\x34\x2e\x30\x31\x20\x37\x33\x2e\x38\x20\x35\x30\x2e\
\x32\x31\x20\x31\x30\x30\x20\x35\x30\x2e\x32\x31\x20\x31\x30\x30\
\x20\x37\x34\x2e\x33\x38\x22\x2f\x3e\x3c\x70\x6f\x6c\x79\x67\x6f\
\x6e\x20\x63\x6c\x61\x73\x73\x3d\x22\x63\x6c\x73\x2d\x32\x22\x20\
\x70\x6f\x69\x6e\x74\x73\x3d\x22\x39\x35\x2e\x36\x38\x20\x36\x39\
\x2e\x37\x39\x20\x36\x39\x2e\x34\x38\x20\x36\x39\x2e\x37\x39\x20\
\x36\x39\x2e\x34\x38\x20\x39\x35\x2e\x39\x39\x20\x34\x35\x2e\x33\
\x31\x20\x39\x35\x2e\x39\x39\x20\x34\x35\x2e\x33\x31\x20\x36\x39\
\x2e\x37\x39\x20\x31\x39\x2e\x31\x32\x20\x36\x39\x2e\x37\x39\x20\
\x31\x39\x2e\x31\x32\x20\x34\x35\x2e\x36\x32\x20\x34\x35\x2e\x33\
\x31\x20\x34\x35\x2e\x36\x32\x20\x34\x35\x2e\x33\x31\x20\x31\x39\
\x2e\x34\x32\x20\x36\x39\x2e\x34\x38\x20\x31\x39\x2e\x34\x32\x20\
\x36\x39\x2e\x34\x38\x20\x34\x35\x2e\x36\x32\x20\x39\x35\x2e\x36\
\x38\x20\x34\x35\x2e\x36\x32\x20\x39\x35\x2e\x36\x38\x20\x36\x39\
\x2e\x37\x39\x22\x2f\x3e\x3c\x2f\x73\x76\x67\x3e\
\x00\x00\x02\x63\
\x89\
\x50\x4e\x47\x0d\x0a\x1a\x0a\x00\x00\x00\x0d\x49\x48\x44\x52\x00\
\x00\x00\x10\x00\x00\x00\x10\x08\x06\x00\x00\x00\x1f\xf3\xff\x61\
\x00\x00\x00\x09\x70\x48\x59\x73\x00\x00\x02\x76\x00\x00\x02\x76\
\x01\xda\x60\xe3\x4f\x00\x00\x02\x15\x49\x44\x41\x54\x38\x8d\x45\
\x91\xcb\x8e\x5d\x35\x10\x45\xd7\xf6\xe3\x3c\x6e\x82\x04\x8a\x88\
\xc8\x8c\x1e\xc1\x04\xf2\x01\xb7\xff\x96\x5f\xe9\x3b\x41\x8c\xf2\
\x05\x0c\x88\x44\xab\x83\x48\x27\xe9\x7b\x5e\xb6\x37\x83\x73\xd2\
\x58\xb2\x5c\xb6\x6a\xaf\xda\xae\xd2\x2f\x8f\xbf\x61\x6f\xe0\x95\
\x46\x61\xd4\x69\xda\x5c\x86\xea\x27\x6a\x5b\x00\x13\x42\x22\xea\
\x44\x0a\xa7\x79\x2e\xf7\x23\x44\x50\x22\x90\x49\xf6\x86\xbd\xd2\
\x53\xee\x2a\xdd\xf9\xa9\x3e\x80\x37\xa0\x80\x2b\xc6\xd4\x6a\xaa\
\x1e\xd9\x6a\x1c\x72\xf8\xde\x49\xf1\x32\xb7\x8f\xb7\x4d\x8d\x00\
\x2b\x3d\xf5\x6e\x73\x38\xaf\xed\x01\x3c\x81\x67\xec\x99\xe6\x09\
\x7c\x05\x4f\xb8\x5d\x69\xed\xca\x5a\xff\x62\x6d\x5f\xce\x43\xf8\
\xf6\xce\x5e\x48\xcd\x1b\x95\xfe\xbc\xb5\x0f\xe0\x0d\xb3\x1c\x67\
\x01\x17\x4c\x03\x0c\x08\x08\xd8\x89\xe2\x7b\x82\xf2\x19\xaf\xa4\
\x91\x6f\xa6\x6b\xbb\x07\x56\xec\x05\xb3\x82\x97\x67\x00\x54\x64\
\x83\x84\x89\x88\x88\xe9\x58\xca\x7b\x5e\xe4\x9f\xa6\x54\xd8\x06\
\xbc\x1d\xc9\x1b\xf2\x4a\xf3\x0a\x5e\xf7\x3e\x50\x30\x86\x26\x50\
\xc2\x4a\x3b\x10\x53\xda\xe3\x90\x8a\xaf\x98\xf2\xbc\x39\xc4\x66\
\x41\x5e\xb1\x2b\x60\x24\x81\x13\x76\x86\x00\x22\x50\xda\xbf\xa4\
\xe6\x69\x4f\x72\x7d\xb6\xbc\x3b\xd9\x0e\x17\x1b\xb8\x61\x02\x22\
\x83\x0c\x0e\x98\x44\x6d\x9f\x49\x1c\x76\xa0\xed\x89\x07\xcc\x94\
\x1d\xc2\xbc\x43\x9d\xb0\x00\x47\xac\x86\xa8\x40\x23\x28\xf4\x07\
\xe0\xeb\x3a\x62\xfb\x98\x40\x05\x2f\x47\x3f\x1a\x52\x43\x6e\x60\
\x13\xc3\x89\x90\xc2\xcb\x7d\x42\xb0\x57\x38\x2e\x92\x40\x01\x48\
\xa0\x1e\x48\x88\x80\x09\xfb\xbb\x02\x51\xdf\x11\x92\xc6\x19\xa7\
\xe3\x8f\x11\x29\x82\x22\x10\x81\x0c\x74\xa0\x11\xa9\xc7\xe4\x1d\
\x48\x44\x64\xb2\x5e\xcf\xe1\x5a\xde\x8f\x7d\x7e\xf3\xbf\x50\x09\
\xd4\x01\x1d\x7a\x16\x0f\x98\x01\xd4\x23\x75\x40\xa2\xcb\x37\x3c\
\xd5\x77\x63\x90\x22\xc9\xc3\xa5\x4b\x3f\x1c\xf4\xbc\x77\x3b\xf4\
\x10\x06\x14\x46\xe0\x84\x0e\x10\xea\xe9\xf2\x8f\x0c\xf3\xcd\x45\
\x24\x82\x48\x4c\xf5\xef\xdb\x5c\x5e\x5f\x86\x7c\x83\x34\x1e\x95\
\x86\x5d\xc0\x00\x1a\x77\x98\x4e\x0c\xf9\x67\x4e\xf3\xaf\x97\xcf\
\xf9\xf7\x5b\x94\x49\xfb\x6c\x2b\x93\xfe\xbc\x75\x59\x78\x91\xde\
\x4e\x1b\x1f\x86\xda\xfe\xa1\xb6\x4f\x88\x46\xe0\x44\x8c\xaf\xe8\
\xda\x9b\xf9\x4b\xf9\x63\x5c\xba\x07\xa4\x1e\x29\xf3\x1f\xb4\xfe\
\x3b\xfd\xe9\x61\xc4\x1b\x00\x00\x00\x00\x49\x45\x4e\x44\xae\x42\
\x60\x82\
\x00\x00\x02\x4f\
\x89\
\x50\x4e\x47\x0d\x0a\x1a\x0a\x00\x00\x00\x0d\x49\x48\x44\x52\x00\
\x00\x00\x10\x00\x00\x00\x10\x08\x06\x00\x00\x00\x1f\xf3\xff\x61\
\x00\x00\x00\x09\x70\x48\x59\x73\x00\x00\x02\x76\x00\x00\x02\x76\
\x01\xda\x60\xe3\x4f\x00\x00\x02\x01\x49\x44\x41\x54\x38\x8d\x35\
\x92\x31\x4e\xa5\x49\x0c\x84\xbf\xb2\xfb\xa1\x11\x6f\x2f\x31\x11\
\xf9\x02\xda\x84\x53\x2c\xf9\xdc\x81\x90\x13\x4c\xc8\x1d\x26\x5c\
\x09\xed\x25\xc8\x86\x0b\x10\xcd\x25\xf6\x0d\xe8\xfd\x6d\xd7\x06\
\xfd\xd3\x52\xab\x2d\x95\xaa\x5c\x2e\xb7\xfe\x79\xff\x8b\x6c\x93\
\x6e\x86\x61\x4a\x8f\xc3\xbe\x1f\xee\xab\x6c\x1f\x85\x69\xc5\x69\
\x4a\x6f\x53\x7a\x3e\xd8\xdf\x4b\x62\x0a\x4a\x62\x44\x9b\xb4\x69\
\xe9\xce\xee\xa7\x63\xd5\x75\x36\x4a\x8c\x6c\xd6\xa9\x3f\x0c\xd7\
\x25\xfd\xf9\x91\xf9\x77\x89\x87\x61\xbf\x20\x11\x89\x99\xd2\xdd\
\x45\xfb\xc7\x65\xf5\xcd\x45\x59\x07\x17\x87\x6a\x0e\xdd\x5c\x74\
\x73\x51\xb5\x6a\x5b\x97\x73\xde\x7c\xa9\xfe\x51\xd2\x5d\x76\x33\
\xd2\x26\xf0\xd3\x97\xea\xaf\xd9\xcd\xd8\x1d\x25\x26\x6c\x04\x18\
\x68\x43\xd3\x20\x41\xf7\xd7\x96\x9e\x80\xdb\xb1\x29\x1e\x8f\x73\
\x5e\x7f\x66\x90\x98\xe1\x5e\x22\x36\x18\x2c\x30\x62\x22\x88\xc0\
\x6d\x2e\xa8\xeb\xd3\x61\x3c\x8e\xc4\xf7\x69\x2b\x0c\x41\x93\xdd\
\x0c\xaf\x50\xb3\x0d\x18\x5b\xb4\x84\x3b\x30\x4d\x06\xa4\x53\xa3\
\xb9\x1f\xa3\x7d\x25\x40\x18\x35\x04\x20\x9b\x68\x88\x35\x1e\x6d\
\x50\x40\xcb\x04\x42\x40\x2c\xa7\x57\x11\xf6\x51\x06\x01\x92\x91\
\x97\x80\x68\x84\x89\x36\xd2\x8e\xc3\x8e\xaf\x60\xc2\x3e\x06\xfa\
\x9c\x91\xdd\x07\xab\xdd\x5e\x97\x84\x31\xbd\xa7\xb9\xf0\xfd\x02\
\x51\xe8\xf4\x29\xd0\x40\x87\xa8\x9d\xd8\x4a\x2a\x82\x56\xd0\x88\
\x0a\x56\x16\x5a\xe2\x33\xe2\x14\x33\xf4\xb6\x40\xd1\x0a\x0a\x51\
\x11\x94\x82\x4d\x62\x46\xb0\x29\x98\x9f\x42\x01\x93\x25\x54\xd2\
\x5b\x94\xf4\x5c\x92\x9b\xa0\x82\x9d\x2c\xb6\x0c\x66\xee\xe4\x0c\
\x66\x2c\xb1\xa9\xa0\x42\x6c\x0a\x6f\xd2\xb3\xfe\xfd\xef\x16\xc4\
\xcf\xcb\xaa\x9b\xec\xfd\x0f\xb4\xc9\x7d\x1b\xf2\x9a\xb7\xa5\xdd\
\x9d\x98\x12\xef\x23\x5f\x31\xb7\x51\x12\x9b\xf4\xf0\x1e\xf1\x6b\
\xee\x56\x3f\x3b\x6f\x11\x6c\x29\xce\x11\x6c\xb1\xbb\x0a\xf1\x91\
\xf9\xeb\xac\x78\x28\x89\x28\x89\x80\x97\x73\xc4\xb7\xdf\x23\x5e\
\xcf\x0a\x9f\x15\x9c\x63\x11\xcf\x91\xeb\x55\x70\x56\xf8\x94\xe3\
\xf5\x23\xe2\xdb\x70\xbf\x4c\x89\x51\x5a\xfb\x48\xf7\x8b\xd0\xed\
\xef\xcc\xc7\xc4\xf7\xd9\x5c\xa5\xfb\x18\x86\x0a\x9d\xa6\xf4\xd6\
\xd2\x73\xba\xbf\x0f\x60\xdb\x03\xfd\x1f\x82\x30\x4d\x40\xa2\xac\
\x32\x87\x00\x00\x00\x00\x49\x45\x4e\x44\xae\x42\x60\x82\
\x00\x00\x02\xe5\
\x3c\
\x73\x76\x67\x20\x69\x64\x3d\x22\xe5\x9b\xbe\xe5\xb1\x82\x5f\x31\
\x22\x20\x64\x61\x74\x61\x2d\x6e\x61\x6d\x65\x3d\x22\xe5\x9b\xbe\
\xe5\xb1\x82\x20\x31\x22\x20\x78\x6d\x6c\x6e\x73\x3d\x22\x68\x74\
\x74\x70\x3a\x2f\x2f\x77\x77\x77\x2e\x77\x33\x2e\x6f\x72\x67\x2f\
\x32\x30\x30\x30\x2f\x73\x76\x67\x22\x20\x76\x69\x65\x77\x42\x6f\
\x78\x3d\x22\x30\x20\x30\x20\x31\x32\x30\x20\x31\x32\x30\x22\x3e\
\x3c\x64\x65\x66\x73\x3e\x3c\x73\x74\x79\x6c\x65\x3e\x2e\x63\x6c\
\x73\x2d\x31\x7b\x66\x69\x6c\x6c\x3a\x23\x63\x38\x65\x36\x63\x39\
\x3b\x7d\x2e\x63\x6c\x73\x2d\x32\x7b\x66\x69\x6c\x6c\x3a\x6e\x6f\
\x6e\x65\x3b\x73\x74\x72\x6f\x6b\x65\x3a\x23\x30\x30\x30\x3b\x73\
\x74\x72\x6f\x6b\x65\x2d\x6d\x69\x74\x65\x72\x6c\x69\x6d\x69\x74\
\x3a\x31\x30\x3b\x7d\x3c\x2f\x73\x74\x79\x6c\x65\x3e\x3c\x2f\x64\
\x65\x66\x73\x3e\x3c\x72\x65\x63\x74\x20\x63\x6c\x61\x73\x73\x3d\
\x22\x63\x6c\x73\x2d\x31\x22\x20\x78\x3d\x22\x36\x33\x2e\x36\x31\
\x22\x20\x79\x3d\x22\x33\x35\x22\x20\x77\x69\x64\x74\x68\x3d\x22\
\x33\x35\x2e\x35\x32\x22\x20\x68\x65\x69\x67\x68\x74\x3d\x22\x32\
\x30\x22\x20\x74\x72\x61\x6e\x73\x66\x6f\x72\x6d\x3d\x22\x74\x72\
\x61\x6e\x73\x6c\x61\x74\x65\x28\x34\x38\x2e\x31\x37\x20\x2d\x34\
\x31\x2e\x38\x36\x29\x20\x72\x6f\x74\x61\x74\x65\x28\x34\x30\x2e\
\x31\x34\x29\x22\x2f\x3e\x3c\x70\x6f\x6c\x79\x67\x6f\x6e\x20\x63\
\x6c\x61\x73\x73\x3d\x22\x63\x6c\x73\x2d\x31\x22\x20\x70\x6f\x69\
\x6e\x74\x73\x3d\x22\x35\x37\x20\x31\x30\x31\x2e\x35\x36\x20\x32\
\x39\x2e\x38\x34\x20\x37\x38\x2e\x36\x36\x20\x36\x30\x2e\x33\x39\
\x20\x34\x32\x2e\x33\x33\x20\x38\x37\x2e\x35\x34\x20\x36\x35\x2e\
\x32\x33\x20\x35\x37\x20\x31\x30\x31\x2e\x35\x36\x22\x2f\x3e\x3c\
\x70\x61\x74\x68\x20\x63\x6c\x61\x73\x73\x3d\x22\x63\x6c\x73\x2d\
\x31\x22\x20\x64\x3d\x22\x4d\x33\x33\x2e\x34\x36\x2c\x38\x38\x2e\
\x39\x2c\x34\x36\x2e\x32\x32\x2c\x39\x39\x2e\x36\x35\x6c\x2d\x31\
\x31\x2e\x39\x34\x2c\x31\x2e\x32\x34\x2d\x2e\x38\x32\x2d\x31\x32\
\x6d\x2d\x34\x2e\x36\x33\x2d\x39\x2e\x31\x34\x2c\x31\x2e\x37\x34\
\x2c\x32\x35\x2e\x35\x34\x4c\x35\x36\x2c\x31\x30\x32\x2e\x36\x36\
\x2c\x32\x38\x2e\x38\x33\x2c\x37\x39\x2e\x37\x36\x5a\x22\x2f\x3e\
\x3c\x72\x65\x63\x74\x20\x63\x6c\x61\x73\x73\x3d\x22\x63\x6c\x73\
\x2d\x32\x22\x20\x78\x3d\x22\x35\x39\x2e\x39\x34\x22\x20\x79\x3d\
\x22\x32\x39\x2e\x36\x33\x22\x20\x77\x69\x64\x74\x68\x3d\x22\x33\
\x35\x2e\x35\x32\x22\x20\x68\x65\x69\x67\x68\x74\x3d\x22\x32\x30\
\x22\x20\x74\x72\x61\x6e\x73\x66\x6f\x72\x6d\x3d\x22\x74\x72\x61\
\x6e\x73\x6c\x61\x74\x65\x28\x34\x33\x2e\x38\x34\x20\x2d\x34\x30\
\x2e\x37\x35\x29\x20\x72\x6f\x74\x61\x74\x65\x28\x34\x30\x2e\x31\
\x34\x29\x22\x2f\x3e\x3c\x70\x6f\x6c\x79\x67\x6f\x6e\x20\x63\x6c\
\x61\x73\x73\x3d\x22\x63\x6c\x73\x2d\x32\x22\x20\x70\x6f\x69\x6e\
\x74\x73\x3d\x22\x35\x37\x2e\x36\x37\x20\x33\x35\x2e\x38\x32\x20\
\x32\x35\x2e\x31\x33\x20\x37\x34\x2e\x33\x37\x20\x32\x36\x2e\x39\
\x33\x20\x39\x39\x2e\x38\x34\x20\x35\x32\x2e\x32\x39\x20\x39\x37\
\x2e\x32\x37\x20\x38\x34\x2e\x38\x33\x20\x35\x38\x2e\x37\x32\x20\
\x35\x37\x2e\x36\x37\x20\x33\x35\x2e\x38\x32\x22\x2f\x3e\x3c\x2f\
\x73\x76\x67\x3e\
\x00\x00\x02\xa4\
\x89\
\x50\x4e\x47\x0d\x0a\x1a\x0a\x00\x00\x00\x0d\x49\x48\x44\x52\x00\
\x00\x00\x10\x00\x00\x00\x10\x08\x06\x00\x00\x00\x1f\xf3\xff\x61\
\x00\x00\x00\x09\x70\x48\x59\x73\x00\x00\x02\x76\x00\x00\x02\x76\
\x01\xda\x60\xe3\x4f\x00\x00\x02\x56\x49\x44\x41\x54\x38\x8d\x5d\
\x93\xcd\x6e\x14\x47\x14\x85\xbf\x73\xab\xaa\xa7\xdb\xc3\xc2\x38\
\x0e\x44\x38\x28\xd9\x26\xb0\x42\x24\xd9\x78\x43\x16\x46\xbc\x0a\
\x12\x42\x6c\x90\xd8\xe4\x1d\xd8\xf8\x5d\xbc\xb7\x14\x25\x61\x11\
\x45\xca\x0b\x80\x07\x12\xf9\x87\x28\x78\xa6\x67\xfa\xa7\x6e\x16\
\xd5\x0e\x12\x8b\xab\xaa\x92\xea\x9c\x73\xcf\x3d\x55\x7a\xfb\xd3\
\x23\xbc\x1f\xd1\x90\x61\xc8\x9c\xdf\xe9\x8e\xe6\x0b\xed\x57\xe7\
\x34\xd6\x21\x07\x3c\xe1\xdd\x75\x6f\x57\x7b\x7e\xbc\xf3\x67\x7a\
\x48\x30\x88\x01\xa2\x30\x26\xf0\xbb\xfb\xeb\xc7\xed\x76\x7f\xb9\
\xf3\xca\x0e\xea\x37\xbe\xa5\x0f\x59\xb4\x23\x6a\x07\xec\xdf\x41\
\xf5\x9b\xbc\xb5\xf3\x4a\x07\xed\x76\x7f\xf9\xd7\x77\xeb\xc7\x74\
\x03\xde\x67\x22\x13\x78\xe7\x77\xbd\xac\xce\x3c\x6a\x18\xa1\xcf\
\x68\x74\x3c\x3b\xe0\x80\x90\x09\x42\xa6\x7e\x6d\xf3\xb8\xd2\xcb\
\xbf\x7f\xd8\x70\xf3\xd7\xfa\x50\x6f\x9f\xfd\xc8\x6a\xbb\xbf\xdc\
\x3a\xf1\xb9\x77\x23\x74\xc5\x0a\x83\x43\x2e\x25\x03\x4c\x78\x34\
\x94\x0c\x4f\xc6\xe6\xb6\x96\xb3\xf7\xe9\x5a\x3c\xbb\xd3\x1f\xed\
\xfe\xc6\x9c\x3e\x17\x70\x97\xa1\x2f\x5d\xf8\xe8\xc8\x1d\x37\xe1\
\x26\x94\x1c\x77\x10\x50\x2f\xc2\xfc\xe2\xfb\xfe\x28\xce\x17\xbe\
\xef\x23\x45\x71\x98\xc0\x9b\x42\xc0\x30\xd9\x30\xa1\x68\x78\x76\
\x34\x99\xc2\xc4\xd6\x89\xed\xc7\xd9\xb9\x35\x8c\x23\x8c\xe3\x44\
\x50\xca\x37\xd3\x7e\x22\xf0\x94\x81\x80\x07\xa1\x60\x68\x74\xaa\
\x53\x9a\x68\x9d\xcb\x73\x86\x0c\x8c\xe0\xa3\x7f\x24\xda\x14\x1b\
\x04\x81\x1b\x0a\x8e\x06\x87\x94\xf1\x2c\xac\x0b\x32\xa6\x41\x97\
\xc0\x9d\xab\x33\x79\xb2\xb5\xce\x30\xcd\x82\x4f\xef\xb8\x63\x39\
\xe1\x32\xe1\x9a\xbc\x1a\x20\xe1\x02\x8f\x82\x99\xa1\x20\x5c\x42\
\x72\x90\x40\x20\x89\x31\xe1\xb6\xf9\xcc\x5b\x57\x19\x0a\x53\x5c\
\x44\xa1\xca\xd0\xcc\x50\x63\x85\xa4\x32\x88\x56\xec\x98\x81\x89\
\xee\x73\x5a\x5b\xee\xf9\x31\xc1\x28\xcf\xd3\x20\x4d\x35\x33\xa8\
\x03\x34\xa1\xac\x33\x83\x14\x20\x19\x8a\x45\x64\xb5\xc7\xb1\x16\
\x4f\x1e\xb0\xbe\xde\x5f\x36\xaf\x73\x79\x48\x57\x11\x4e\x09\x78\
\x76\x24\x15\xe5\x64\x50\x15\xa2\xf5\xd7\xb6\x6c\x2e\xd2\x35\x53\
\x14\xef\xbf\xf1\xe7\xdd\xae\x86\xa2\x1c\xa0\x9a\x54\xeb\x80\x9a\
\xf8\xb1\x8b\x2a\x40\x0a\x74\x37\x6c\xf8\xe7\x5b\x9e\x13\x85\x79\
\x34\x6e\xfd\x32\x3b\x3c\xbb\xc7\xd3\xf5\x6d\x5b\x32\x0b\x50\x47\
\x54\x07\x54\x5f\x11\xc5\x52\x4d\xa0\xfd\xca\x96\x17\xf7\x79\xfa\
\xc5\xcf\xe9\x90\x14\xd0\xe2\xc5\x01\xea\x47\x7c\xc8\xa8\xcf\x9c\
\xde\x1d\x8e\xe6\x27\xbe\x5f\x9f\xaa\xb1\xce\x4b\x7a\x95\xfb\x7a\
\x97\x76\xf5\x25\xc7\xbb\x7f\xc4\x87\xff\xff\x89\x18\xf8\x0f\x96\
\xff\x47\x34\x4d\x02\x41\x1e\x00\x00\x00\x00\x49\x45\x4e\x44\xae\
\x42\x60\x82\
\x00\x00\x02\x12\
\x3c\
\x73\x76\x67\x20\x69\x64\x3d\x22\xe5\x9b\xbe\xe5\xb1\x82\x5f\x31\
\x22\x20\x64\x61\x74\x61\x2d\x6e\x61\x6d\x65\x3d\x22\xe5\x9b\xbe\
\xe5\xb1\x82\x20\x31\x22\x20\x78\x6d\x6c\x6e\x73\x3d\x22\x68\x74\
\x74\x70\x3a\x2f\x2f\x77\x77\x77\x2e\x77\x33\x2e\x6f\x72\x67\x2f\
\x32\x30\x30\x30\x2f\x73\x76\x67\x22\x20\x76\x69\x65\x77\x42\x6f\
\x78\x3d\x22\x30\x20\x30\x20\x31\x32\x30\x20\x31\x32\x30\x22\x3e\
\x3c\x64\x65\x66\x73\x3e\x3c\x73\x74\x79\x6c\x65\x3e\x2e\x63\x6c\
\x73\x2d\x31\x7b\x66\x69\x6c\x6c\x3a\x23\x63\x38\x65\x36\x63\x39\
\x3b\x7d\x2e\x63\x6c\x73\x2d\x32\x7b\x66\x69\x6c\x6c\x3a\x6e\x6f\
\x6e\x65\x3b\x73\x74\x72\x6f\x6b\x65\x3a\x23\x30\x30\x30\x3b\x73\
\x74\x72\x6f\x6b\x65\x2d\x6d\x69\x74\x65\x72\x6c\x69\x6d\x69\x74\
\x3a\x31\x30\x3b\x7d\x3c\x2f\x73\x74\x79\x6c\x65\x3e\x3c\x2f\x64\
\x65\x66\x73\x3e\x3c\x70\x61\x74\x68\x20\x63\x6c\x61\x73\x73\x3d\
\x22\x63\x6c\x73\x2d\x31\x22\x20\x64\x3d\x22\x4d\x31\x30\x30\x2e\
\x36\x2c\x35\x39\x2e\x39\x31\x63\x2d\x32\x2e\x33\x34\x2e\x31\x39\
\x2d\x34\x2e\x36\x37\x2e\x34\x31\x2d\x37\x2c\x2e\x36\x41\x33\x32\
\x2e\x31\x38\x2c\x33\x32\x2e\x31\x38\x2c\x30\x2c\x31\x2c\x31\x2c\
\x36\x31\x2e\x39\x31\x2c\x33\x33\x2e\x39\x33\x68\x30\x76\x36\x2e\
\x33\x35\x6c\x31\x36\x2d\x39\x2e\x37\x36\x2d\x31\x36\x2d\x31\x30\
\x2e\x38\x34\x76\x37\x2e\x32\x35\x61\x33\x39\x2e\x31\x36\x2c\x33\
\x39\x2e\x31\x36\x2c\x30\x2c\x31\x2c\x30\x2c\x33\x38\x2e\x36\x39\
\x2c\x33\x33\x5a\x22\x2f\x3e\x3c\x70\x61\x74\x68\x20\x63\x6c\x61\
\x73\x73\x3d\x22\x63\x6c\x73\x2d\x32\x22\x20\x64\x3d\x22\x4d\x39\
\x37\x2e\x39\x33\x2c\x35\x37\x2e\x34\x35\x63\x2d\x32\x2e\x33\x34\
\x2e\x31\x39\x2d\x34\x2e\x36\x37\x2e\x34\x31\x2d\x37\x2c\x2e\x36\
\x41\x33\x32\x2e\x31\x38\x2c\x33\x32\x2e\x31\x38\x2c\x30\x2c\x31\
\x2c\x31\x2c\x35\x39\x2e\x32\x34\x2c\x33\x31\x2e\x34\x37\x68\x30\
\x76\x36\x2e\x33\x35\x6c\x31\x36\x2d\x39\x2e\x37\x35\x2d\x31\x36\
\x2d\x31\x30\x2e\x38\x35\x76\x37\x2e\x32\x35\x41\x33\x39\x2e\x31\
\x39\x2c\x33\x39\x2e\x31\x39\x2c\x30\x2c\x31\x2c\x30\x2c\x39\x38\
\x2e\x34\x32\x2c\x36\x33\x2e\x36\x36\x2c\x33\x39\x2e\x37\x33\x2c\
\x33\x39\x2e\x37\x33\x2c\x30\x2c\x30\x2c\x30\x2c\x39\x37\x2e\x39\
\x33\x2c\x35\x37\x2e\x34\x35\x5a\x22\x2f\x3e\x3c\x2f\x73\x76\x67\
\x3e\
\x00\x00\x01\x16\
\x3c\
\x73\x76\x67\x20\x78\x6d\x6c\x6e\x73\x3d\x22\x68\x74\x74\x70\x3a\
\x2f\x2f\x77\x77\x77\x2e\x77\x33\x2e\x6f\x72\x67\x2f\x32\x30\x30\
\x30\x2f\x73\x76\x67\x22\x20\x76\x69\x65\x77\x42\x6f\x78\x3d\x22\
\x30\x20\x30\x20\x31\x32\x30\x20\x31\x32\x30\x22\x3e\x0a\x20\x20\
\x3c\x72\x65\x63\x74\x20\x78\x3d\x22\x32\x37\x22\x20\x79\x3d\x22\
\x32\x37\x22\x20\x77\x69\x64\x74\x68\x3d\x22\x36\x36\x22\x20\x68\
\x65\x69\x67\x68\x74\x3d\x22\x36\x36\x22\x20\x72\x78\x3d\x22\x32\
\x22\x20\x66\x69\x6c\x6c\x3d\x22\x23\x63\x38\x65\x36\x63\x39\x22\
\x20\x73\x74\x72\x6f\x6b\x65\x3d\x22\x23\x31\x31\x31\x22\x20\x73\
\x74\x72\x6f\x6b\x65\x2d\x77\x69\x64\x74\x68\x3d\x22\x37\x22\x2f\
\x3e\x0a\x20\x20\x3c\x70\x61\x74\x68\x20\x64\x3d\x22\x4d\x31\x38\
\x20\x34\x33\x56\x31\x38\x68\x32\x35\x4d\x37\x37\x20\x31\x38\x68\
\x32\x35\x76\x32\x35\x4d\x31\x30\x32\x20\x37\x37\x76\x32\x35\x48\
\x37\x37\x4d\x34\x33\x20\x31\x30\x32\x48\x31\x38\x56\x37\x37\x22\
\x20\x66\x69\x6c\x6c\x3d\x22\x6e\x6f\x6e\x65\x22\x20\x73\x74\x72\
\x6f\x6b\x65\x3d\x22\x23\x31\x31\x31\x22\x20\x73\x74\x72\x6f\x6b\
\x65\x2d\x77\x69\x64\x74\x68\x3d\x22\x37\x22\x2f\x3e\x0a\x3c\x2f\
\x73\x76\x67\x3e\x0a\
\x00\x00\x01\x51\
\x3c\
\x73\x76\x67\x20\x69\x64\x3d\x22\xe5\x9b\xbe\xe5\xb1\x82\x5f\x31\
\x22\x20\x64\x61\x74\x61\x2d\x6e\x61\x6d\x65\x3d\x22\xe5\x9b\xbe\
\xe5\xb1\x82\x20\x31\x22\x20\x78\x6d\x6c\x6e\x73\x3d\x22\x68\x74\
\x74\x70\x3a\x2f\x2f\x77\x77\x77\x2e\x77\x33\x2e\x6f\x72\x67\x2f\
\x32\x30\x30\x30\x2f\x73\x76\x67\x22\x20\x76\x69\x65\x77\x42\x6f\
\x78\x3d\x22\x30\x20\x30\x20\x31\x32\x30\x20\x31\x32\x30\x22\x3e\
\x3c\x64\x65\x66\x73\x3e\x3c\x73\x74\x79\x6c\x65\x3e\x2e\x63\x6c\
\x73\x2d\x31\x7b\x66\x69\x6c\x6c\x3a\x23\x63\x38\x65\x36\x63\x39\
\x3b\x7d\x2e\x63\x6c\x73\x2d\x32\x7b\x66\x69\x6c\x6c\x3a\x6e\x6f\
\x6e\x65\x3b\x73\x74\x72\x6f\x6b\x65\x3a\x23\x30\x30\x30\x3b\x73\
\x74\x72\x6f\x6b\x65\x2d\x6d\x69\x74\x65\x72\x6c\x69\x6d\x69\x74\
\x3a\x31\x30\x3b\x7d\x3c\x2f\x73\x74\x79\x6c\x65\x3e\x3c\x2f\x64\
\x65\x66\x73\x3e\x3c\x65\x6c\x6c\x69\x70\x73\x65\x20\x63\x6c\x61\
\x73\x73\x3d\x22\x63\x6c\x73\x2d\x31\x22\x20\x63\x78\x3d\x22\x36\
\x36\x2e\x32\x31\x22\x20\x63\x79\x3d\x22\x36\x31\x2e\x34\x39\x22\
\x20\x72\x78\x3d\x22\x33\x38\x2e\x35\x34\x22\x20\x72\x79\x3d\x22\
\x33\x33\x2e\x33\x22\x2f\x3e\x3c\x65\x6c\x6c\x69\x70\x73\x65\x20\
\x63\x6c\x61\x73\x73\x3d\x22\x63\x6c\x73\x2d\x32\x22\x20\x63\x78\
\x3d\x22\x36\x31\x2e\x34\x33\x22\x20\x63\x79\x3d\x22\x35\x37\x2e\
\x39\x33\x22\x20\x72\x78\x3d\x22\x33\x38\x2e\x35\x34\x22\x20\x72\
\x79\x3d\x22\x33\x33\x2e\x33\x22\x2f\x3e\x3c\x2f\x73\x76\x67\x3e\
\
"

qt_resource_name = b"\
\x00\x05\
\x00\x6f\xa6\x53\
\x00\x69\
\x00\x63\x00\x6f\x00\x6e\x00\x73\
\x00\x0d\
\x06\x9c\x7c\x5f\
\x00\x4c\
\x00\x69\x00\x66\x00\x65\x00\x43\x00\x61\x00\x6c\x00\x6f\x00\x72\x00\x2e\x00\x69\x00\x63\x00\x6f\
\x00\x0f\
\x00\xfc\x17\x67\
\x00\x69\
\x00\x63\x00\x6f\x00\x6e\x00\x5f\x00\x61\x00\x63\x00\x63\x00\x65\x00\x70\x00\x74\x00\x2e\x00\x73\x00\x76\x00\x67\
\x00\x14\
\x02\x3f\xaa\x27\
\x00\x69\
\x00\x63\x00\x6f\x00\x6e\x00\x5f\x00\x6c\x00\x61\x00\x79\x00\x6f\x00\x75\x00\x74\x00\x5f\x00\x71\x00\x75\x00\x61\x00\x64\x00\x2e\
\x00\x73\x00\x76\x00\x67\
\x00\x0d\
\x03\x0c\xd7\x27\
\x00\x69\
\x00\x63\x00\x6f\x00\x6e\x00\x5f\x00\x6c\x00\x69\x00\x6e\x00\x65\x00\x2e\x00\x73\x00\x76\x00\x67\
\x00\x0d\
\x03\x63\xd0\xe7\
\x00\x69\
\x00\x63\x00\x6f\x00\x6e\x00\x5f\x00\x66\x00\x69\x00\x6c\x00\x6c\x00\x2e\x00\x73\x00\x76\x00\x67\
\x00\x0f\
\x03\xee\xed\x67\
\x00\x69\
\x00\x63\x00\x6f\x00\x6e\x00\x5f\x00\x61\x00\x6e\x00\x63\x00\x68\x00\x6f\x00\x72\x00\x2e\x00\x73\x00\x76\x00\x67\
\x00\x0f\
\x04\xcc\xc4\x07\
\x00\x69\
\x00\x63\x00\x6f\x00\x6e\x00\x5f\x00\x76\x00\x2d\x00\x6c\x00\x69\x00\x6e\x00\x65\x00\x2e\x00\x73\x00\x76\x00\x67\
\x00\x0d\
\x04\xeb\xd6\x67\
\x00\x69\
\x00\x63\x00\x6f\x00\x6e\x00\x5f\x00\x72\x00\x65\x00\x63\x00\x74\x00\x2e\x00\x73\x00\x76\x00\x67\
\x00\x0f\
\x05\x35\xcc\xc7\
\x00\x69\
\x00\x63\x00\x6f\x00\x6e\x00\x5f\x00\x63\x00\x61\x00\x6e\x00\x63\x00\x65\x00\x6c\x00\x2e\x00\x73\x00\x76\x00\x67\
\x00\x0f\
\x05\x4f\x75\x47\
\x00\x69\
\x00\x63\x00\x6f\x00\x6e\x00\x5f\x00\x65\x00\x72\x00\x61\x00\x73\x00\x65\x00\x72\x00\x2e\x00\x73\x00\x76\x00\x67\
\x00\x1a\
\x05\xcc\x92\x47\
\x00\x69\
\x00\x63\x00\x6f\x00\x6e\x00\x5f\x00\x6c\x00\x61\x00\x79\x00\x6f\x00\x75\x00\x74\x00\x5f\x00\x68\x00\x6f\x00\x72\x00\x69\x00\x7a\
\x00\x6f\x00\x6e\x00\x74\x00\x61\x00\x6c\x00\x2e\x00\x73\x00\x76\x00\x67\
\x00\x0f\
\x06\xef\xbd\x67\
\x00\x69\
\x00\x63\x00\x6f\x00\x6e\x00\x5f\x00\x63\x00\x75\x00\x72\x00\x73\x00\x6f\x00\x72\x00\x2e\x00\x73\x00\x76\x00\x67\
\x00\x0f\
\x07\x2b\xcd\x47\
\x00\x69\
\x00\x63\x00\x6f\x00\x6e\x00\x5f\x00\x76\x00\x2d\x00\x72\x00\x65\x00\x63\x00\x74\x00\x2e\x00\x73\x00\x76\x00\x67\
\x00\x0c\
\x07\x4b\x92\x67\
\x00\x69\
\x00\x63\x00\x6f\x00\x6e\x00\x5f\x00\x64\x00\x65\x00\x6c\x00\x2e\x00\x73\x00\x76\x00\x67\
\x00\x0e\
\x07\xad\xf5\x67\
\x00\x69\
\x00\x63\x00\x6f\x00\x6e\x00\x5f\x00\x63\x00\x6f\x00\x6c\x00\x6f\x00\x72\x00\x2e\x00\x73\x00\x76\x00\x67\
\x00\x18\
\x09\x14\xfe\xc7\
\x00\x69\
\x00\x63\x00\x6f\x00\x6e\x00\x5f\x00\x6c\x00\x61\x00\x79\x00\x6f\x00\x75\x00\x74\x00\x5f\x00\x76\x00\x65\x00\x72\x00\x74\x00\x69\
\x00\x63\x00\x61\x00\x6c\x00\x2e\x00\x73\x00\x76\x00\x67\
\x00\x17\
\x09\x8a\xe6\xa7\
\x00\x69\
\x00\x63\x00\x6f\x00\x6e\x00\x5f\x00\x6c\x00\x61\x00\x79\x00\x6f\x00\x75\x00\x74\x00\x5f\x00\x72\x00\x65\x00\x73\x00\x74\x00\x6f\
\x00\x72\x00\x65\x00\x2e\x00\x73\x00\x76\x00\x67\
\x00\x0f\
\x0a\x1d\x7a\xa7\
\x00\x69\
\x00\x63\x00\x6f\x00\x6e\x00\x5f\x00\x65\x00\x78\x00\x70\x00\x6f\x00\x72\x00\x74\x00\x2e\x00\x73\x00\x76\x00\x67\
\x00\x0f\
\x0a\x4a\xb5\x47\
\x00\x69\
\x00\x63\x00\x6f\x00\x6e\x00\x5f\x00\x6c\x00\x61\x00\x79\x00\x6f\x00\x75\x00\x74\x00\x2e\x00\x73\x00\x76\x00\x67\
\x00\x0c\
\x0a\x53\x92\x67\
\x00\x69\
\x00\x63\x00\x6f\x00\x6e\x00\x5f\x00\x61\x00\x64\x00\x64\x00\x2e\x00\x73\x00\x76\x00\x67\
\x00\x0f\
\x0a\x7e\x28\x87\
\x00\x67\
\x00\x72\x00\x65\x00\x65\x00\x6e\x00\x5f\x00\x6c\x00\x69\x00\x67\x00\x68\x00\x74\x00\x2e\x00\x70\x00\x6e\x00\x67\
\x00\x10\
\x0b\x32\xe2\x67\
\x00\x79\
\x00\x65\x00\x6c\x00\x6c\x00\x6f\x00\x77\x00\x5f\x00\x6c\x00\x69\x00\x67\x00\x68\x00\x74\x00\x2e\x00\x70\x00\x6e\x00\x67\
\x00\x0c\
\x0b\x75\x92\x07\
\x00\x69\
\x00\x63\x00\x6f\x00\x6e\x00\x5f\x00\x70\x00\x65\x00\x6e\x00\x2e\x00\x73\x00\x76\x00\x67\
\x00\x0d\
\x0c\x83\x93\x47\
\x00\x72\
\x00\x65\x00\x64\x00\x5f\x00\x6c\x00\x69\x00\x67\x00\x68\x00\x74\x00\x2e\x00\x70\x00\x6e\x00\x67\
\x00\x0e\
\x0d\x0f\x90\xa7\
\x00\x69\
\x00\x63\x00\x6f\x00\x6e\x00\x5f\x00\x72\x00\x65\x00\x73\x00\x65\x00\x74\x00\x2e\x00\x73\x00\x76\x00\x67\
\x00\x15\
\x0e\x4d\x3f\x47\
\x00\x69\
\x00\x63\x00\x6f\x00\x6e\x00\x5f\x00\x6c\x00\x61\x00\x79\x00\x6f\x00\x75\x00\x74\x00\x5f\x00\x66\x00\x6f\x00\x63\x00\x75\x00\x73\
\x00\x2e\x00\x73\x00\x76\x00\x67\
\x00\x10\
\x0f\x27\xd5\x47\
\x00\x69\
\x00\x63\x00\x6f\x00\x6e\x00\x5f\x00\x65\x00\x6c\x00\x6c\x00\x69\x00\x70\x00\x73\x00\x65\x00\x2e\x00\x73\x00\x76\x00\x67\
"

qt_resource_struct_v1 = b"\
\x00\x00\x00\x00\x00\x02\x00\x00\x00\x02\x00\x00\x00\x01\
\x00\x00\x00\x00\x00\x02\x00\x00\x00\x1a\x00\x00\x00\x03\
\x00\x00\x00\x10\x00\x00\x00\x00\x00\x01\x00\x00\x00\x00\
\x00\x00\x00\x30\x00\x00\x00\x00\x00\x01\x00\x00\x52\xfa\
\x00\x00\x00\x54\x00\x00\x00\x00\x00\x01\x00\x00\x54\xaf\
\x00\x00\x00\x82\x00\x00\x00\x00\x00\x01\x00\x00\x56\x06\
\x00\x00\x00\xa2\x00\x00\x00\x00\x00\x01\x00\x00\x57\xbf\
\x00\x00\x00\xc2\x00\x00\x00\x00\x00\x01\x00\x00\x5b\x83\
\x00\x00\x00\xe6\x00\x00\x00\x00\x00\x01\x00\x00\x5d\xfb\
\x00\x00\x01\x0a\x00\x00\x00\x00\x00\x01\x00\x00\x62\xf5\
\x00\x00\x01\x2a\x00\x00\x00\x00\x00\x01\x00\x00\x64\x50\
\x00\x00\x01\x4e\x00\x00\x00\x00\x00\x01\x00\x00\x66\x94\
\x00\x00\x01\x72\x00\x00\x00\x00\x00\x01\x00\x00\x69\xe6\
\x00\x00\x01\xac\x00\x00\x00\x00\x00\x01\x00\x00\x6a\xe0\
\x00\x00\x01\xd0\x00\x00\x00\x00\x00\x01\x00\x00\x6c\x69\
\x00\x00\x01\xf4\x00\x00\x00\x00\x00\x01\x00\x00\x71\x56\
\x00\x00\x02\x12\x00\x00\x00\x00\x00\x01\x00\x00\x73\x3d\
\x00\x00\x02\x34\x00\x00\x00\x00\x00\x01\x00\x00\x74\xc6\
\x00\x00\x02\x6a\x00\x00\x00\x00\x00\x01\x00\x00\x75\xc0\
\x00\x00\x02\x9e\x00\x00\x00\x00\x00\x01\x00\x00\x77\x0a\
\x00\x00\x02\xc2\x00\x00\x00\x00\x00\x01\x00\x00\x7b\x18\
\x00\x00\x02\xe6\x00\x00\x00\x00\x00\x01\x00\x00\x7c\x6f\
\x00\x00\x03\x04\x00\x00\x00\x00\x00\x01\x00\x00\x7e\xb0\
\x00\x00\x03\x28\x00\x00\x00\x00\x00\x01\x00\x00\x81\x17\
\x00\x00\x03\x4e\x00\x00\x00\x00\x00\x01\x00\x00\x83\x6a\
\x00\x00\x03\x6c\x00\x00\x00\x00\x00\x01\x00\x00\x86\x53\
\x00\x00\x03\x8c\x00\x00\x00\x00\x00\x01\x00\x00\x88\xfb\
\x00\x00\x03\xae\x00\x00\x00\x00\x00\x01\x00\x00\x8b\x11\
\x00\x00\x03\xde\x00\x00\x00\x00\x00\x01\x00\x00\x8c\x2b\
"

qt_resource_struct_v2 = b"\
\x00\x00\x00\x00\x00\x02\x00\x00\x00\x02\x00\x00\x00\x01\
\x00\x00\x00\x00\x00\x00\x00\x00\
\x00\x00\x00\x00\x00\x02\x00\x00\x00\x1a\x00\x00\x00\x03\
\x00\x00\x00\x00\x00\x00\x00\x00\
\x00\x00\x00\x10\x00\x00\x00\x00\x00\x01\x00\x00\x00\x00\
\x00\x00\x01\x96\x1f\xab\x43\xd5\
\x00\x00\x00\x30\x00\x00\x00\x00\x00\x01\x00\x00\x52\xfa\
\x00\x00\x01\x9a\x23\x5e\x93\x9d\
\x00\x00\x00\x54\x00\x00\x00\x00\x00\x01\x00\x00\x54\xaf\
\x00\x00\x01\xa0\x96\x10\xd7\x60\
\x00\x00\x00\x82\x00\x00\x00\x00\x00\x01\x00\x00\x56\x06\
\x00\x00\x01\x9a\x23\x5e\x93\xae\
\x00\x00\x00\xa2\x00\x00\x00\x00\x00\x01\x00\x00\x57\xbf\
\x00\x00\x01\x9a\x23\x5e\x93\xae\
\x00\x00\x00\xc2\x00\x00\x00\x00\x00\x01\x00\x00\x5b\x83\
\x00\x00\x01\x9a\x23\x5e\x93\xae\
\x00\x00\x00\xe6\x00\x00\x00\x00\x00\x01\x00\x00\x5d\xfb\
\x00\x00\x01\x9a\x23\x5e\x93\xae\
\x00\x00\x01\x0a\x00\x00\x00\x00\x00\x01\x00\x00\x62\xf5\
\x00\x00\x01\x9a\x23\x5e\x93\xae\
\x00\x00\x01\x2a\x00\x00\x00\x00\x00\x01\x00\x00\x64\x50\
\x00\x00\x01\x9a\x23\x5e\x93\x9d\
\x00\x00\x01\x4e\x00\x00\x00\x00\x00\x01\x00\x00\x66\x94\
\x00\x00\x01\x9a\x23\x5e\x93\xae\
\x00\x00\x01\x72\x00\x00\x00\x00\x00\x01\x00\x00\x69\xe6\
\x00\x00\x01\xa0\x96\x10\xd7\x45\
\x00\x00\x01\xac\x00\x00\x00\x00\x00\x01\x00\x00\x6a\xe0\
\x00\x00\x01\x9a\x23\x5e\x93\xa4\
\x00\x00\x01\xd0\x00\x00\x00\x00\x00\x01\x00\x00\x6c\x69\
\x00\x00\x01\x9a\x23\x5e\x93\xae\
\x00\x00\x01\xf4\x00\x00\x00\x00\x00\x01\x00\x00\x71\x56\
\x00\x00\x01\x9a\x23\x5e\x93\xae\
\x00\x00\x02\x12\x00\x00\x00\x00\x00\x01\x00\x00\x73\x3d\
\x00\x00\x01\x9a\x23\x5e\x93\xae\
\x00\x00\x02\x34\x00\x00\x00\x00\x00\x01\x00\x00\x74\xc6\
\x00\x00\x01\xa0\x96\x10\xd7\x5e\
\x00\x00\x02\x6a\x00\x00\x00\x00\x00\x01\x00\x00\x75\xc0\
\x00\x00\x01\xa0\x96\x10\xd7\x61\
\x00\x00\x02\x9e\x00\x00\x00\x00\x00\x01\x00\x00\x77\x0a\
\x00\x00\x01\x9a\x23\x5e\x93\x9d\
\x00\x00\x02\xc2\x00\x00\x00\x00\x00\x01\x00\x00\x7b\x18\
\x00\x00\x01\xa0\x96\x10\xd7\x43\
\x00\x00\x02\xe6\x00\x00\x00\x00\x00\x01\x00\x00\x7c\x6f\
\x00\x00\x01\x9a\x23\x5e\x93\xae\
\x00\x00\x03\x04\x00\x00\x00\x00\x00\x01\x00\x00\x7e\xb0\
\x00\x00\x01\x96\x1e\x80\xbc\xce\
\x00\x00\x03\x28\x00\x00\x00\x00\x00\x01\x00\x00\x81\x17\
\x00\x00\x01\x96\x1e\x80\x88\x07\
\x00\x00\x03\x4e\x00\x00\x00\x00\x00\x01\x00\x00\x83\x6a\
\x00\x00\x01\x9a\x23\x5e\x93\xae\
\x00\x00\x03\x6c\x00\x00\x00\x00\x00\x01\x00\x00\x86\x53\
\x00\x00\x01\x96\x1e\x80\x28\xd5\
\x00\x00\x03\x8c\x00\x00\x00\x00\x00\x01\x00\x00\x88\xfb\
\x00\x00\x01\x9a\x23\x5e\x93\x9d\
\x00\x00\x03\xae\x00\x00\x00\x00\x00\x01\x00\x00\x8b\x11\
\x00\x00\x01\xa0\x96\x10\xd7\x61\
\x00\x00\x03\xde\x00\x00\x00\x00\x00\x01\x00\x00\x8c\x2b\
\x00\x00\x01\x9a\x23\x5e\x93\xae\
"

qt_version = [int(v) for v in QtCore.qVersion().split('.')]
if qt_version < [5, 8, 0]:
    rcc_version = 1
    qt_resource_struct = qt_resource_struct_v1
else:
    rcc_version = 2
    qt_resource_struct = qt_resource_struct_v2

def qInitResources():
    QtCore.qRegisterResourceData(rcc_version, qt_resource_struct, qt_resource_name, qt_resource_data)

def qCleanupResources():
    QtCore.qUnregisterResourceData(rcc_version, qt_resource_struct, qt_resource_name, qt_resource_data)

qInitResources()
